Num,Name,Poké Ball,Great Ball,Ultra Ball,Master Ball,Net Ball,Dive Ball,Nest Ball,Repeat Ball,Timer Ball,Luxury Ball,Premier Ball,Dusk Ball,Heal Ball,Quick Ball,Safari Ball,Fast Ball,Level Ball,Lure Ball,Heavy Ball,Love Ball,Friend Ball,Moon Ball,Sport Ball,Dream Ball,Cherish Ball
1,Bulbasaur,1,10,10,10,10,10,10,10,10,10,10,10,10,10,XXX,XXX,XXX,XXX,XXX,XXX,XXX,XXX,XXX,10,XXX
2,Ivysaur,16,16,16,16,16,16,16,16,16,16,16,16,16,16,XXX,XXX,XXX,XXX,XXX,XXX,XXX,XXX,XXX,16,XXX
3,Venusaur,32,32,32,32,32,32,32,32,32,32,32,32,32,32,XXX,XXX,XXX,XXX,XXX,XXX,XXX,XXX,XXX,32,XXX
4,Charmander,1,10,10,10,10,10,10,10,10,10,10,10,10,10,XXX,XXX,XXX,XXX,XXX,XXX,XXX,XXX,XXX,10,40
5,Charmeleon,16,16,16,16,16,16,16,16,16,16,16,16,16,16,XXX,XXX,XXX,XXX,XXX,XXX,XXX,XXX,XXX,16,41
6,Charizard,36,36,36,36,36,36,36,36,36,36,36,36,36,36,XXX,XXX,XXX,XXX,XXX,XXX,XXX,XXX,XXX,36,42
7,Squirtle,1,10,10,10,10,10,10,10,10,10,10,10,10,10,XXX,XXX,XXX,XXX,XXX,XXX,XXX,XXX,XXX,10,XXX
8,Wartortle,16,16,16,16,16,16,16,16,16,16,16,16,16,16,XXX,XXX,XXX,XXX,XXX,XXX,XXX,XXX,XXX,16,XXX
9,Blastoise,36,36,36,36,36,36,36,36,36,36,36,36,36,36,XXX,XXX,XXX,XXX,XXX,XXX,XXX,XXX,XXX,36,XXX
10,Caterpie,1,2,2,2,2,2,2,2,2,2,2,2,2,2,XXX,2,2,2,2,2,2,2,7,XXX,XXX
11,Metapod,3,3,3,3,3,3,3,3,3,3,3,3,3,3,XXX,3,3,3,3,3,3,3,8,XXX,XXX
12,Butterfree,7,7,7,7,7,7,7,7,7,7,7,7,7,7,XXX,7,7,7,7,7,7,7,10,10,XXX
13,Weedle,1,2,2,2,2,2,2,2,2,2,2,2,2,2,XXX,2,2,2,2,2,2,2,7,XXX,XXX
14,Kakuna,3,3,3,3,3,3,3,3,3,3,3,3,3,3,XXX,3,3,3,3,3,3,3,8,XXX,XXX
15,Beedrill,7,7,7,7,7,7,7,7,7,7,7,7,7,7,XXX,7,7,7,7,7,7,7,10,10,XXX
16,Pidgey,1,2,2,2,2,2,2,2,2,2,2,2,2,2,15,2,2,2,2,2,2,2,XXX,10,XXX
17,Pidgeotto,7,7,7,7,7,7,7,7,7,7,7,7,7,7,18,7,7,7,7,7,7,7,XXX,18,XXX
18,Pidgeot,36,36,36,36,36,36,36,36,36,36,36,36,36,36,36,36,36,36,36,36,36,36,XXX,36,61
19,Rattata,1,2,2,2,2,2,2,2,2,2,2,2,2,2,15,2,2,2,2,2,2,2,XXX,10,XXX
20,Raticate,19,19,19,19,19,19,19,19,19,19,19,19,19,19,15,19,19,19,19,19,19,19,XXX,20,XXX
21,Spearow,1,2,2,2,2,2,2,2,2,2,2,2,2,2,15,2,2,2,2,2,2,2,XXX,10,XXX
22,Fearow,7,7,7,7,7,7,7,7,7,7,7,7,7,7,15,7,7,7,7,7,7,7,XXX,20,XXX
23,Ekans,1,4,4,4,4,4,4,4,4,4,4,4,4,4,15,4,4,4,4,4,4,4,XXX,10,XXX
24,Arbok,10,10,10,10,10,10,10,10,10,10,10,10,10,10,17,10,10,10,10,10,10,10,XXX,22,XXX
25,Pikachu,2,3,3,3,3,3,3,3,3,3,3,4,4,4,25,4,4,4,4,4,4,4,XXX,10,20
26,Raichu,2,3,3,3,3,3,3,3,3,3,3,4,4,4,25,4,4,4,4,4,4,4,XXX,10,20
27,Sandshrew,1,6,6,6,6,6,6,6,6,6,6,6,6,6,15,6,6,6,6,6,6,6,XXX,10,XXX
28,Sandslash,10,10,10,10,10,10,10,10,10,10,10,10,10,10,15,10,10,10,10,10,10,10,XXX,22,XXX
29,Nidoran♀,1,2,2,2,2,2,2,2,2,2,2,2,2,2,15,12,12,12,12,12,12,12,XXX,10,XXX
30,Nidorina,16,16,16,16,16,16,16,16,16,16,16,16,16,16,15,16,16,16,16,16,16,16,XXX,16,XXX
31,Nidoqueen,16,16,16,16,16,16,16,16,16,16,16,16,16,16,15,16,16,16,16,16,16,16,XXX,16,XXX
32,Nidoran♂,1,2,2,2,2,2,2,2,2,2,2,2,2,2,15,12,12,12,12,12,12,12,XXX,10,XXX
33,Nidorino,16,16,16,16,16,16,16,16,16,16,16,16,16,16,15,16,16,16,16,16,16,16,XXX,16,XXX
34,Nidoking,16,16,16,16,16,16,16,16,16,16,16,16,16,16,15,16,16,16,16,16,16,16,XXX,16,XXX
35,Clefairy,2,8,8,8,8,8,8,8,8,8,8,8,8,8,17,8,8,8,8,8,8,8,XXX,11,XXX
36,Clefable,2,8,8,8,8,8,8,8,8,8,8,8,8,8,17,8,8,8,8,8,8,8,XXX,11,XXX
37,Vulpix,1,10,10,10,10,10,10,10,10,10,10,10,10,10,XXX,13,13,13,13,13,13,13,XXX,10,XXX
38,Ninetales,1,10,10,10,10,10,10,10,10,10,10,10,10,10,XXX,13,13,13,13,13,13,13,XXX,10,50
39,Jigglypuff,2,3,3,3,3,3,3,3,3,3,3,6,6,6,15,6,6,6,6,6,6,6,XXX,6,XXX
40,Wigglytuff,2,3,3,3,3,3,3,3,3,3,3,6,6,6,15,6,6,6,6,6,6,6,XXX,6,XXX
41,Zubat,1,2,2,2,2,2,2,2,2,2,2,2,2,2,15,2,2,2,2,2,2,2,XXX,10,XXX
42,Golbat,5,5,5,5,5,5,5,5,5,5,5,10,10,10,15,22,22,22,22,22,22,22,XXX,22,XXX
43,Oddish,1,5,5,5,5,5,5,5,5,5,5,5,5,5,15,5,5,5,5,5,5,5,XXX,10,XXX
44,Gloom,15,15,15,15,15,15,15,15,15,15,15,15,15,15,17,15,15,15,15,15,15,15,XXX,22,XXX
45,Vileplume,15,15,15,15,15,15,15,15,15,15,15,15,15,15,17,15,15,15,15,15,15,15,XXX,22,XXX
46,Paras,1,5,5,5,5,5,5,5,5,5,5,5,5,5,15,5,5,5,5,5,5,5,10,10,XXX
47,Parasect,24,24,24,24,24,24,24,24,24,24,24,24,24,24,24,24,24,24,24,24,24,24,24,24,XXX
48,Venonat,1,8,8,8,8,8,8,8,8,8,8,8,8,8,22,8,8,8,8,8,8,8,10,10,XXX
49,Venomoth,8,8,8,8,8,8,8,8,8,8,8,8,8,8,31,8,8,8,8,8,8,8,31,31,XXX
50,Diglett,1,10,10,10,10,10,10,10,10,10,10,10,10,10,XXX,13,13,13,13,13,13,13,XXX,10,XXX
51,Dugtrio,19,19,19,19,19,19,19,19,19,19,19,19,19,19,XXX,19,19,19,19,19,19,19,XXX,26,XXX
52,Meowth,1,10,10,10,10,10,10,10,10,10,10,10,10,10,XXX,13,13,13,13,13,13,13,XXX,10,10
53,Persian,19,19,19,19,19,19,19,19,19,19,19,19,19,19,XXX,19,19,19,19,19,19,19,XXX,28,28
54,Psyduck,1,4,4,4,4,4,4,4,4,4,4,4,4,4,15,5,5,5,5,5,5,5,XXX,10,XXX
55,Golduck,10,10,10,10,10,10,10,10,10,10,10,10,10,10,17,10,10,10,10,10,10,10,XXX,33,XXX
56,Mankey,1,2,2,2,2,2,2,2,2,2,2,10,10,10,XXX,13,13,13,13,13,13,13,XXX,10,XXX
57,Primeape,15,15,15,15,15,15,15,15,15,15,15,15,15,15,XXX,15,15,15,15,15,15,15,XXX,28,XXX
58,Growlithe,1,2,2,2,2,2,2,2,2,2,2,2,2,2,XXX,13,13,13,13,13,13,13,XXX,10,XXX
59,Arcanine,1,2,2,2,2,2,2,2,2,2,2,2,2,2,XXX,13,13,13,13,13,13,13,XXX,10,XXX
60,Poliwag,1,5,5,5,5,5,5,5,5,5,5,5,5,5,5,5,5,5,5,5,5,5,XXX,10,XXX
61,Poliwhirl,10,10,10,10,10,10,10,10,10,10,10,10,10,10,17,10,10,10,10,10,10,10,XXX,25,XXX
62,Poliwrath,10,10,10,10,10,10,10,10,10,10,10,10,10,10,17,10,10,10,10,10,10,10,XXX,25,XXX
63,Abra,1,4,4,4,4,4,4,4,4,4,4,4,4,4,15,9,9,9,9,9,9,9,XXX,10,XXX
64,Kadabra,15,15,15,15,15,15,15,15,15,15,15,15,15,15,16,15,15,15,15,15,15,15,XXX,16,XXX
65,Alakazam,15,15,15,15,15,15,15,15,15,15,15,15,15,15,16,15,15,15,15,15,15,15,XXX,16,XXX
66,Machop,1,5,5,5,5,5,5,5,5,5,5,5,5,5,16,12,12,12,12,12,12,12,XXX,10,XXX
67,Machoke,14,14,14,14,14,14,14,14,14,14,14,14,14,14,17,14,14,14,14,14,14,14,XXX,28,30
68,Machamp,14,14,14,14,14,14,14,14,14,14,14,14,14,14,17,14,14,14,14,14,14,14,XXX,29,30
69,Bellsprout,1,3,3,3,3,3,3,3,3,3,3,3,3,3,15,3,3,3,3,3,3,3,XXX,10,XXX
70,Weepinbell,10,10,10,10,10,10,10,10,10,10,10,10,10,10,21,10,10,10,10,10,10,10,XXX,21,XXX
71,Victreebel,10,10,10,10,10,10,10,10,10,10,10,10,10,10,21,10,10,10,10,10,10,10,XXX,21,XXX
72,Tentacool,1,5,5,5,5,5,5,5,5,5,5,5,5,5,XXX,10,10,10,10,10,10,10,XXX,10,XXX
73,Tentacruel,15,15,15,15,15,15,15,15,15,15,15,15,15,15,XXX,15,15,15,15,15,15,15,XXX,30,XXX
74,Geodude,1,2,2,2,2,2,2,2,2,2,2,2,2,2,15,2,2,2,2,2,2,2,XXX,10,XXX
75,Graveler,20,20,20,20,20,20,20,20,20,20,20,20,20,20,16,20,20,20,20,20,20,20,XXX,25,XXX
76,Golem,20,20,20,20,20,20,20,20,20,20,20,20,20,20,16,20,20,20,20,20,20,20,XXX,25,XXX
77,Ponyta,1,5,5,5,5,5,5,5,5,5,5,5,5,5,42,6,6,6,6,6,6,6,XXX,10,XXX
78,Rapidash,37,37,37,37,37,37,37,37,37,37,37,40,40,40,43,40,40,40,40,40,40,40,XXX,40,XXX
79,Slowpoke,1,5,5,5,5,5,5,5,5,5,5,5,5,5,15,5,5,5,5,5,5,5,XXX,5,30
80,Slowbro,15,15,15,15,15,15,15,15,15,15,15,15,15,15,17,15,15,15,15,15,15,15,XXX,37,37
81,Magnemite,1,5,5,5,5,5,5,5,5,5,5,5,5,5,15,15,15,15,15,15,15,15,XXX,10,XXX
82,Magneton,19,30,30,30,30,30,30,30,30,30,30,30,30,30,30,30,30,30,30,30,30,30,XXX,30,XXX
83,Farfetch'd,1,10,10,10,10,10,10,10,10,10,10,10,10,10,15,16,16,16,16,16,16,16,XXX,10,XXX
84,Doduo,1,2,2,2,2,2,2,2,2,2,2,2,2,2,15,4,4,4,4,4,4,4,XXX,10,XXX
85,Dodrio,15,30,30,30,30,30,30,30,30,30,30,30,30,30,29,30,30,30,30,30,30,30,XXX,31,XXX
86,Seel,1,5,5,5,5,5,5,5,5,5,5,10,10,10,XXX,10,10,10,10,10,10,10,XXX,10,XXX
87,Dewgong,30,30,30,30,30,30,30,30,30,30,30,30,30,30,XXX,34,34,34,34,34,34,34,XXX,34,XXX
88,Grimer,1,5,5,5,5,5,5,5,5,5,5,5,5,5,15,15,15,15,15,15,15,15,XXX,10,XXX
89,Muk,5,5,5,5,5,5,5,5,5,5,5,5,5,5,38,15,15,15,15,15,15,15,XXX,38,XXX
90,Shellder,1,10,10,10,10,10,10,10,10,10,10,10,10,10,XXX,20,20,20,20,20,20,20,XXX,10,XXX
91,Cloyster,1,10,10,10,10,10,10,10,10,10,10,10,10,10,XXX,20,20,20,20,20,20,20,XXX,10,XXX
92,Gastly,1,3,3,3,3,3,3,3,3,3,3,3,3,3,15,3,3,3,3,3,3,3,XXX,10,XXX
93,Haunter,16,16,16,16,16,16,16,16,16,16,16,16,16,16,17,19,19,19,19,19,19,19,XXX,25,30
94,Gengar,16,16,16,16,16,16,16,16,16,16,16,16,16,16,17,19,19,19,19,19,19,19,XXX,25,30
95,Onix,1,6,6,6,6,6,6,6,6,6,6,6,6,6,15,6,6,6,6,6,6,6,XXX,10,XXX
96,Drowzee,1,10,10,10,10,10,10,10,10,10,10,10,10,10,15,10,10,10,10,10,10,10,XXX,10,XXX
97,Hypno,11,11,11,11,11,11,11,11,11,11,11,11,11,11,17,11,11,11,11,11,11,11,XXX,26,XXX
98,Krabby,1,5,5,5,5,5,5,5,5,5,5,10,10,10,16,10,10,10,10,10,10,10,XXX,10,XXX
99,Kingler,22,22,22,22,22,22,22,22,22,22,22,22,22,22,26,22,22,22,22,22,22,22,XXX,28,XXX
100,Voltorb,1,10,10,10,10,10,10,10,10,10,10,10,10,10,15,17,17,17,17,17,17,17,XXX,10,XXX
101,Electrode,3,26,26,26,26,26,26,26,26,26,26,26,26,26,30,30,30,30,30,30,30,30,XXX,30,XXX
102,Exeggcute,1,2,2,2,2,2,2,2,2,2,2,2,2,2,20,2,2,2,2,2,2,2,XXX,10,XXX
103,Exeggutor,1,2,2,2,2,2,2,2,2,2,2,2,2,2,20,2,2,2,2,2,2,2,XXX,10,XXX
104,Cubone,1,4,4,4,4,4,4,4,4,4,4,4,4,4,15,10,10,10,10,10,10,10,XXX,10,XXX
105,Marowak,14,14,14,14,14,14,14,14,14,14,14,14,14,14,17,14,14,14,14,14,14,14,XXX,28,XXX
106,Hitmonlee,20,20,20,20,20,20,20,20,20,20,20,20,20,20,XXX,XXX,XXX,XXX,XXX,XXX,XXX,XXX,XXX,20,XXX
107,Hitmonchan,20,20,20,20,20,20,20,20,20,20,20,20,20,20,XXX,XXX,XXX,XXX,XXX,XXX,XXX,XXX,XXX,20,XXX
108,Lickitung,1,10,10,10,10,10,10,10,10,10,10,10,10,10,15,24,24,24,24,24,24,24,XXX,10,XXX
109,Koffing,1,10,10,10,10,10,10,10,10,10,10,10,10,10,15,14,14,14,14,14,14,14,XXX,10,XXX
110,Weezing,32,32,32,32,32,32,32,32,32,32,32,35,35,35,15,35,35,35,35,35,35,35,XXX,35,XXX
111,Rhyhorn,1,5,5,5,5,5,5,5,5,5,5,5,5,5,17,35,35,35,35,35,35,35,XXX,10,XXX
112,Rhydon,41,41,41,41,41,41,41,41,41,41,41,41,41,41,42,42,42,42,42,42,42,42,XXX,42,XXX
113,Chansey,1,6,6,6,6,6,6,6,6,6,6,6,6,6,23,25,25,25,25,25,25,25,XXX,10,XXX
114,Tangela,1,10,10,10,10,10,10,10,10,10,10,10,10,10,27,20,20,20,20,20,20,20,XXX,10,XXX
115,Kangaskhan,1,10,10,10,10,10,10,10,10,10,10,10,10,10,20,14,14,14,14,14,14,14,XXX,10,XXX
116,Horsea,1,5,5,5,5,5,5,5,5,5,5,10,10,10,XXX,10,10,10,10,10,10,10,XXX,10,XXX
117,Seadra,15,15,15,15,15,15,15,15,15,15,15,15,15,15,XXX,15,15,15,15,15,15,15,XXX,32,XXX
118,Goldeen,1,5,5,5,5,5,5,5,5,5,5,10,10,10,5,10,10,10,10,10,10,10,XXX,10,XXX
119,Seaking,15,15,15,15,15,15,15,15,15,15,15,15,15,15,20,15,15,15,15,15,15,15,XXX,33,XXX
120,Staryu,1,10,10,10,10,10,10,10,10,10,10,10,10,10,XXX,15,15,15,15,15,15,15,XXX,5,XXX
121,Starmie,1,10,10,10,10,10,10,10,10,10,10,10,10,10,XXX,15,15,15,15,15,15,15,XXX,5,XXX
122,Mr. Mime,1,10,10,10,10,10,10,10,10,10,10,10,10,10,15,28,28,28,28,28,28,28,XXX,10,XXX
123,Scyther,1,10,10,10,10,10,10,10,10,10,10,10,10,10,23,XXX,XXX,XXX,XXX,XXX,XXX,XXX,13,10,30
124,Jynx,22,22,22,22,22,22,22,22,22,22,22,22,22,22,XXX,22,22,22,22,22,22,22,XXX,30,XXX
125,Electabuzz,15,15,15,15,15,15,15,15,15,15,15,15,15,15,41,15,15,15,15,15,15,15,XXX,30,30
126,Magmar,14,14,14,14,14,14,14,14,14,14,14,14,14,14,17,14,14,14,14,14,14,14,XXX,30,30
127,Pinsir,1,10,10,10,10,10,10,10,10,10,10,10,10,10,23,XXX,XXX,XXX,XXX,XXX,XXX,XXX,13,10,10
128,Tauros,1,10,10,10,10,10,10,10,10,10,10,10,10,10,15,13,13,13,13,13,13,13,XXX,10,XXX
129,Magikarp,1,1,1,1,1,1,1,1,1,1,1,1,1,1,3,2,2,2,2,2,2,2,XXX,10,99
130,Gyarados,1,1,1,1,1,1,1,1,1,1,1,1,1,1,15,20,20,20,20,20,20,20,XXX,20,100
131,Lapras,1,10,10,10,10,10,10,10,10,10,10,10,10,10,15,20,20,20,20,20,20,20,XXX,10,XXX
132,Ditto,10,10,10,10,10,10,10,10,10,10,10,10,10,10,17,10,10,10,10,10,10,10,XXX,XXX,XXX
133,Eevee,1,10,10,10,10,10,10,10,10,10,10,10,10,10,XXX,XXX,XXX,XXX,XXX,XXX,XXX,XXX,XXX,10,30
134,Vaporeon,1,10,10,10,10,10,10,10,10,10,10,10,10,10,XXX,XXX,XXX,XXX,XXX,XXX,XXX,XXX,XXX,10,30
135,Jolteon,1,10,10,10,10,10,10,10,10,10,10,10,10,10,XXX,XXX,XXX,XXX,XXX,XXX,XXX,XXX,XXX,10,30
136,Flareon,1,10,10,10,10,10,10,10,10,10,10,10,10,10,XXX,XXX,XXX,XXX,XXX,XXX,XXX,XXX,XXX,10,30
137,Porygon,1,5,5,5,5,5,5,5,5,5,5,5,5,5,XXX,XXX,XXX,XXX,XXX,XXX,XXX,XXX,XXX,10,XXX
138,Omanyte,1,10,10,10,10,10,10,10,10,10,10,10,10,10,XXX,XXX,XXX,XXX,XXX,XXX,XXX,XXX,XXX,10,15
139,Omastar,40,40,40,40,40,40,40,40,40,40,40,40,40,40,XXX,XXX,XXX,XXX,XXX,XXX,XXX,XXX,XXX,40,40
140,Kabuto,1,10,10,10,10,10,10,10,10,10,10,10,10,10,XXX,XXX,XXX,XXX,XXX,XXX,XXX,XXX,XXX,10,15
141,Kabutops,40,40,40,40,40,40,40,40,40,40,40,40,40,40,XXX,XXX,XXX,XXX,XXX,XXX,XXX,XXX,XXX,40,40
142,Aerodactyl,1,10,10,10,10,10,10,10,10,10,10,10,10,10,XXX,XXX,XXX,XXX,XXX,XXX,XXX,XXX,XXX,10,15
143,Snorlax,1,6,6,6,6,6,6,6,6,6,6,6,6,6,XXX,50,50,50,50,50,50,50,XXX,10,XXX
144,Articuno,50,50,50,50,50,50,50,50,50,50,50,50,50,50,XXX,50,50,50,50,50,50,50,XXX,XXX,XXX
145,Zapdos,50,50,50,50,50,50,50,50,50,50,50,50,50,50,XXX,50,50,50,50,50,50,50,XXX,XXX,XXX
146,Moltres,50,50,50,50,50,50,50,50,50,50,50,50,50,50,XXX,50,50,50,50,50,50,50,XXX,XXX,XXX
147,Dratini,1,5,5,5,5,5,5,5,5,5,5,5,5,5,15,5,5,5,5,5,5,5,XXX,10,XXX
148,Dragonair,15,15,15,15,15,15,15,15,15,15,15,15,15,15,25,30,30,30,30,30,30,30,XXX,30,XXX
149,Dragonite,50,50,50,50,50,50,50,50,50,50,50,50,50,50,55,55,55,55,55,55,55,55,XXX,55,50
150,Mewtwo,70,70,70,70,70,70,70,70,70,70,70,70,70,70,XXX,70,70,70,70,70,70,70,XXX,XXX,70
151,Mew,10,30,30,30,30,30,30,30,30,30,30,XXX,XXX,XXX,XXX,XXX,XXX,XXX,XXX,XXX,XXX,XXX,XXX,XXX,5
152,Chikorita,1,XXX,XXX,XXX,XXX,XXX,XXX,XXX,XXX,XXX,XXX,XXX,XXX,XXX,XXX,XXX,XXX,XXX,XXX,XXX,XXX,XXX,XXX,XXX,XXX
153,Bayleef,16,30,30,30,30,30,30,30,30,30,30,XXX,XXX,XXX,XXX,XXX,XXX,XXX,XXX,XXX,XXX,XXX,XXX,XXX,XXX
154,Meganium,32,32,32,32,32,32,32,32,32,32,32,XXX,XXX,XXX,XXX,XXX,XXX,XXX,XXX,XXX,XXX,XXX,XXX,XXX,XXX
155,Cyndaquil,1,XXX,XXX,XXX,XXX,XXX,XXX,XXX,XXX,XXX,XXX,XXX,XXX,XXX,XXX,XXX,XXX,XXX,XXX,XXX,XXX,XXX,XXX,XXX,XXX
156,Quilava,14,30,30,30,30,30,30,30,30,30,30,XXX,XXX,XXX,XXX,XXX,XXX,XXX,XXX,XXX,XXX,XXX,XXX,XXX,XXX
157,Typhlosion,36,36,36,36,36,36,36,36,36,36,36,XXX,XXX,XXX,XXX,XXX,XXX,XXX,XXX,XXX,XXX,XXX,XXX,XXX,XXX
158,Totodile,1,XXX,XXX,XXX,XXX,XXX,XXX,XXX,XXX,XXX,XXX,XXX,XXX,XXX,XXX,XXX,XXX,XXX,XXX,XXX,XXX,XXX,XXX,XXX,XXX
159,Croconaw,18,30,30,30,30,30,30,30,30,30,30,XXX,XXX,XXX,XXX,XXX,XXX,XXX,XXX,XXX,XXX,XXX,XXX,XXX,XXX
160,Feraligatr,30,31,31,31,31,31,31,31,31,31,31,XXX,XXX,XXX,XXX,XXX,XXX,XXX,XXX,XXX,XXX,XXX,XXX,XXX,XXX
161,Sentret,1,2,2,2,2,2,2,2,2,2,2,2,2,2,15,2,2,2,2,2,2,2,XXX,10,XXX
162,Furret,6,6,6,6,6,6,6,6,6,6,6,6,6,6,16,6,6,6,6,6,6,6,XXX,15,XXX
163,Hoothoot,1,2,2,2,2,2,2,2,2,2,2,2,2,2,20,2,2,2,2,2,2,2,XXX,5,XXX
164,Noctowl,7,7,7,7,7,7,7,7,7,7,7,7,7,7,21,7,7,7,7,7,7,7,XXX,20,XXX
165,Ledyba,1,3,3,3,3,3,3,3,3,3,3,3,3,3,33,3,3,3,3,3,3,3,XXX,10,XXX
166,Ledian,7,7,7,7,7,7,7,7,7,7,7,7,7,7,34,7,7,7,7,7,7,7,XXX,18,XXX
167,Spinarak,1,2,2,2,2,2,2,2,2,2,2,2,2,2,33,2,2,2,2,2,2,2,XXX,10,XXX
168,Ariados,7,7,7,7,7,7,7,7,7,7,7,7,7,7,34,7,7,7,7,7,7,7,XXX,22,XXX
169,Crobat,6,6,6,6,6,6,6,6,6,6,11,11,11,11,16,23,23,23,23,23,23,23,XXX,23,30
170,Chinchou,1,10,10,10,10,10,10,10,10,10,10,10,10,10,XXX,20,20,20,20,20,20,20,XXX,10,XXX
171,Lanturn,20,21,22,23,24,25,26,27,28,29,30,31,32,33,XXX,27,27,27,27,27,27,27,XXX,27,XXX
172,Pichu,1,16,16,16,16,16,16,16,16,16,16,16,16,16,XXX,30,30,30,30,30,30,30,XXX,XXX,30
173,Cleffa,1,10,10,10,10,10,10,10,10,10,10,10,10,10,XXX,XXX,XXX,XXX,XXX,XXX,XXX,XXX,XXX,10,XXX
174,Igglybuff,1,10,10,10,10,10,10,10,10,10,10,10,10,10,XXX,XXX,XXX,XXX,XXX,XXX,XXX,XXX,XXX,5,XXX
175,Togepi,1,5,5,5,5,5,5,5,5,5,5,5,5,5,XXX,XXX,XXX,XXX,XXX,XXX,XXX,XXX,XXX,5,XXX
176,Togetic,2,6,6,6,6,6,6,6,6,6,6,6,6,6,XXX,XXX,XXX,XXX,XXX,XXX,XXX,XXX,XXX,6,XXX
177,Natu,1,10,10,10,10,10,10,10,10,10,10,10,10,10,XXX,18,18,18,18,18,18,18,XXX,10,XXX
178,Xatu,16,25,25,25,25,25,25,25,25,25,25,25,25,25,XXX,25,25,25,25,25,25,25,XXX,25,XXX
179,Mareep,1,5,5,5,5,5,5,5,5,5,5,5,5,5,43,6,6,6,6,6,6,6,XXX,10,XXX
180,Flaaffy,15,15,15,15,15,15,15,15,15,15,15,15,15,15,44,15,15,15,15,15,15,15,XXX,15,XXX
181,Ampharos,30,30,30,30,30,30,30,30,30,30,30,30,30,30,30,30,30,30,30,30,30,30,XXX,30,XXX
182,Bellossom,15,15,15,15,15,15,15,15,15,15,15,15,15,15,17,15,15,15,15,15,15,15,XXX,21,XXX
183,Marill,1,4,4,4,4,4,4,4,4,4,4,5,5,5,15,13,13,13,13,13,13,13,XXX,10,XXX
184,Azumarill,5,5,5,5,5,5,5,5,5,5,5,5,5,5,18,18,18,18,18,18,18,18,XXX,18,XXX
185,Sudowoodo,1,10,10,10,10,10,10,10,10,10,10,10,10,10,XXX,20,20,20,20,20,20,20,XXX,10,XXX
186,Politoed,10,10,10,10,10,10,10,10,10,10,10,10,10,10,16,10,10,10,10,10,10,10,XXX,25,XXX
187,Hoppip,1,5,5,5,5,5,5,5,5,5,5,5,5,5,15,6,6,6,6,6,6,6,XXX,10,XXX
188,Skiploom,12,12,12,12,12,12,12,12,12,12,12,12,12,12,17,18,18,18,18,18,18,18,XXX,18,XXX
189,Jumpluff,27,27,27,27,27,27,27,27,27,27,27,27,27,27,27,27,27,27,27,27,27,27,XXX,27,XXX
190,Aipom,1,5,5,5,5,5,5,5,5,5,5,5,5,5,33,10,10,10,10,10,10,10,XXX,10,XXX
191,Sunkern,1,2,2,2,2,2,2,2,2,2,2,2,2,2,15,10,10,10,10,10,10,10,XXX,10,XXX
192,Sunflora,1,2,2,2,2,2,2,2,2,2,2,2,2,2,15,10,10,10,10,10,10,10,XXX,10,XXX
193,Yanma,1,10,10,10,10,10,10,10,10,10,10,10,10,10,20,12,12,12,12,12,12,12,XXX,10,XXX
194,Wooper,1,5,5,5,5,5,5,5,5,5,5,5,5,5,15,6,6,6,6,6,6,6,XXX,10,XXX
195,Quagsire,10,10,10,10,10,10,10,10,10,10,10,10,10,10,16,10,10,10,10,10,10,10,XXX,20,XXX
196,Espeon,2,10,10,10,10,10,10,10,10,10,10,10,10,10,XXX,XXX,XXX,XXX,XXX,XXX,XXX,XXX,XXX,10,11
197,Umbreon,2,10,10,10,10,10,10,10,10,10,10,10,10,10,XXX,XXX,XXX,XXX,XXX,XXX,XXX,XXX,XXX,10,11
198,Murkrow,1,10,10,10,10,10,10,10,10,10,10,10,10,10,15,17,17,17,17,17,17,17,XXX,10,XXX
199,Slowking,1,5,5,5,5,5,5,5,5,5,5,5,5,5,15,5,5,5,5,5,5,5,XXX,5,30
200,Misdreavus,1,10,10,10,10,10,10,10,10,10,10,10,10,10,17,20,20,20,20,20,20,20,XXX,10,XXX
201,Unown,5,5,5,5,5,5,5,5,5,5,5,5,5,5,XXX,5,5,5,5,5,5,5,XXX,XXX,XXX
202,Wobbuffet,1,4,4,4,4,4,4,4,4,4,4,4,4,4,16,20,20,20,20,20,20,20,XXX,10,XXX
203,Girafarig,1,10,10,10,10,10,10,10,10,10,10,10,10,10,15,15,15,15,15,15,15,15,XXX,10,XXX
204,Pineco,1,2,2,2,2,2,2,2,2,2,2,2,2,2,34,2,2,2,2,2,2,2,XXX,10,XXX
205,Forretress,31,31,31,31,31,31,31,31,31,31,31,31,31,31,35,31,31,31,31,31,31,31,XXX,31,XXX
206,Dunsparce,1,2,2,2,2,2,2,2,2,2,2,2,2,2,XXX,2,2,2,2,2,2,2,XXX,10,XXX
207,Gligar,1,7,7,7,7,7,7,7,7,7,7,7,7,7,37,24,24,24,24,24,24,24,XXX,10,XXX
208,Steelix,1,6,6,6,6,6,6,6,6,6,6,6,6,6,15,6,6,6,6,6,6,6,XXX,10,XXX
209,Snubbull,1,10,10,10,10,10,10,10,10,10,10,10,10,10,34,13,13,13,13,13,13,13,XXX,10,XXX
210,Granbull,23,23,23,23,23,23,23,23,23,23,23,23,23,23,35,23,23,23,23,23,23,23,XXX,23,XXX
211,Qwilfish,1,10,10,10,10,10,10,10,10,10,10,10,10,10,XXX,20,20,20,20,20,20,20,XXX,10,XXX
212,Scizor,1,10,10,10,10,10,10,10,10,10,10,10,10,10,23,XXX,XXX,XXX,XXX,XXX,XXX,XXX,13,10,50
213,Shuckle,1,10,10,10,10,10,10,10,10,10,10,10,10,10,20,23,23,23,23,23,23,23,XXX,5,XXX
214,Heracross,1,2,2,2,2,2,2,2,2,2,2,2,2,2,27,2,2,2,2,2,2,2,XXX,10,XXX
215,Sneasel,1,10,10,10,10,10,10,10,10,10,10,10,10,10,XXX,41,41,41,41,41,41,41,XXX,10,XXX
216,Teddiursa,1,10,10,10,10,10,10,10,10,10,10,10,10,10,34,20,20,20,20,20,20,20,XXX,10,XXX
217,Ursaring,30,30,30,30,30,30,30,30,30,30,30,30,30,30,35,30,30,30,30,30,30,30,XXX,30,XXX
218,Slugma,1,10,10,10,10,10,10,10,10,10,10,10,10,10,XXX,27,28,29,30,31,32,33,XXX,10,XXX
219,Magcargo,25,25,25,25,25,25,25,25,25,25,25,38,38,38,XXX,38,38,38,38,38,38,38,XXX,38,XXX
220,Swinub,1,10,10,10,10,10,10,10,10,10,10,10,10,10,XXX,21,21,21,21,21,21,21,XXX,10,XXX
221,Piloswine,23,23,23,23,23,23,23,23,23,23,23,30,30,30,XXX,33,33,33,33,33,33,33,XXX,33,XXX
222,Corsola,1,10,10,10,10,10,10,10,10,10,10,10,10,10,XXX,20,20,20,20,20,20,20,XXX,10,XXX
223,Remoraid,1,10,10,10,10,10,10,10,10,10,10,10,10,10,10,10,10,10,10,10,10,10,XXX,10,XXX
224,Octillery,20,20,20,20,20,20,20,20,20,20,20,20,20,20,20,20,20,20,20,20,20,20,XXX,20,50
225,Delibird,1,10,10,10,10,10,10,10,10,10,10,10,10,10,XXX,22,22,22,22,22,22,22,XXX,10,XXX
226,Mantine,1,10,10,10,10,10,10,10,10,10,10,10,10,10,XXX,15,15,15,15,15,15,15,XXX,10,XXX
227,Skarmory,1,10,10,10,10,10,10,10,10,10,10,10,10,10,XXX,27,27,27,27,27,27,27,XXX,10,XXX
228,Houndour,1,10,10,10,10,10,10,10,10,10,10,10,10,10,36,15,15,15,15,15,15,15,XXX,10,XXX
229,Houndoom,20,20,20,20,20,20,20,20,20,20,20,20,20,20,37,24,24,24,24,24,24,24,XXX,24,XXX
230,Kingdra,15,15,15,15,15,15,15,15,15,15,15,15,15,15,XXX,15,15,15,15,15,15,15,XXX,32,XXX
231,Phanpy,1,5,5,5,5,5,5,5,5,5,5,5,5,5,27,20,20,20,20,20,20,20,XXX,10,XXX
232,Donphan,25,25,25,25,25,25,25,25,25,25,25,25,25,25,28,25,25,25,25,25,25,25,XXX,25,XXX
233,Porygon2,1,10,10,10,10,10,10,10,10,10,10,10,10,10,XXX,XXX,XXX,XXX,XXX,XXX,XXX,XXX,XXX,10,XXX
234,Stantler,1,6,6,6,6,6,6,6,6,6,6,6,6,6,36,13,13,13,13,13,13,13,XXX,10,XXX
235,Smeargle,1,10,10,10,10,10,10,10,10,10,10,10,10,10,17,20,20,20,20,20,20,20,XXX,10,XXX
236,Tyrogue,1,10,10,10,10,10,10,10,10,10,10,10,10,10,XXX,XXX,XXX,XXX,XXX,XXX,XXX,XXX,XXX,10,XXX
237,Hitmontop,20,20,20,20,20,20,20,20,20,20,20,20,20,20,XXX,XXX,XXX,XXX,XXX,XXX,XXX,XXX,XXX,20,XXX
238,Smoochum,1,10,10,10,10,10,10,10,10,10,10,10,10,10,XXX,XXX,XXX,XXX,XXX,XXX,XXX,XXX,XXX,5,XXX
239,Elekid,1,5,5,5,5,5,5,5,5,5,5,5,5,5,XXX,XXX,XXX,XXX,XXX,XXX,XXX,XXX,XXX,10,XXX
240,Magby,1,5,5,5,5,5,5,5,5,5,5,5,5,5,XXX,XXX,XXX,XXX,XXX,XXX,XXX,XXX,XXX,10,XXX
241,Miltank,1,10,10,10,10,10,10,10,10,10,10,10,10,10,37,13,13,13,13,13,13,13,XXX,10,XXX
242,Blissey,2,7,7,7,7,7,7,7,7,7,7,7,7,7,24,26,26,26,26,26,26,26,XXX,10,XXX
243,Raikou,40,40,40,40,40,40,40,40,40,40,40,40,40,40,XXX,40,40,40,40,40,40,40,XXX,XXX,30
244,Entei,40,40,40,40,40,40,40,40,40,40,40,40,40,40,XXX,40,40,40,40,40,40,40,XXX,XXX,30
245,Suicune,40,40,40,40,40,40,40,40,40,40,40,40,40,40,XXX,40,40,40,40,40,40,40,XXX,XXX,30
246,Larvitar,1,5,5,5,5,5,5,5,5,5,5,5,5,5,17,15,15,15,15,15,15,15,XXX,10,5
247,Pupitar,30,30,30,30,30,30,30,30,30,30,30,30,30,30,30,30,30,30,30,30,30,30,XXX,30,30
248,Tyranitar,50,50,50,50,50,50,50,50,50,50,50,50,50,50,55,55,55,55,55,55,55,55,XXX,55,55
249,Lugia,45,45,45,45,45,45,45,45,45,45,45,45,45,45,XXX,45,45,45,45,45,45,45,XXX,5,XXX
250,Ho-Oh,45,45,45,45,45,45,45,45,45,45,45,45,45,45,XXX,45,45,45,45,45,45,45,XXX,5,XXX
251,Celebi,10,XXX,XXX,XXX,XXX,XXX,XXX,XXX,XXX,XXX,XXX,XXX,XXX,XXX,XXX,XXX,XXX,XXX,XXX,XXX,XXX,XXX,XXX,XXX,50
252,Treecko,1,10,10,10,10,10,10,10,10,10,10,10,10,10,XXX,XXX,XXX,XXX,XXX,XXX,XXX,XXX,XXX,10,XXX
253,Grovyle,16,16,16,16,16,16,16,16,16,16,16,16,16,16,XXX,XXX,XXX,XXX,XXX,XXX,XXX,XXX,XXX,16,XXX
254,Sceptile,36,36,36,36,36,36,36,36,36,36,36,36,36,36,XXX,XXX,XXX,XXX,XXX,XXX,XXX,XXX,XXX,36,50
255,Torchic,1,10,10,10,10,10,10,10,10,10,10,10,10,10,XXX,XXX,XXX,XXX,XXX,XXX,XXX,XXX,XXX,10,XXX
256,Combusken,16,16,16,16,16,16,16,16,16,16,16,16,16,16,XXX,XXX,XXX,XXX,XXX,XXX,XXX,XXX,XXX,16,XXX
257,Blaziken,36,36,36,36,36,36,36,36,36,36,36,36,36,36,XXX,XXX,XXX,XXX,XXX,XXX,XXX,XXX,XXX,36,50
258,Mudkip,1,10,10,10,10,10,10,10,10,10,10,10,10,10,XXX,XXX,XXX,XXX,XXX,XXX,XXX,XXX,XXX,10,XXX
259,Marshtomp,16,16,16,16,16,16,16,16,16,16,16,16,16,16,XXX,XXX,XXX,XXX,XXX,XXX,XXX,XXX,XXX,16,XXX
260,Swampert,36,36,36,36,36,36,36,36,36,36,36,36,36,36,XXX,XXX,XXX,XXX,XXX,XXX,XXX,XXX,XXX,36,50
261,Poochyena,1,2,2,2,2,2,2,2,2,2,2,2,2,2,XXX,2,2,2,2,2,2,2,XXX,10,XXX
262,Mightyena,18,18,18,18,18,18,18,18,18,18,18,18,18,18,XXX,18,18,18,18,18,18,18,XXX,18,XXX
263,Zigzagoon,1,2,2,2,2,2,2,2,2,2,2,3,3,3,38,3,3,3,3,3,3,3,XXX,10,XXX
264,Linoone,3,3,3,3,3,3,3,3,3,3,3,3,3,3,39,3,3,3,3,3,3,3,XXX,20,XXX
265,Wurmple,1,2,2,2,2,2,2,2,2,2,2,5,5,5,XXX,XXX,XXX,XXX,XXX,XXX,XXX,XXX,24,10,XXX
266,Silcoon,5,5,5,5,5,5,5,5,5,5,5,5,5,5,XXX,XXX,XXX,XXX,XXX,XXX,XXX,XXX,25,11,XXX
267,Beautifly,10,10,10,10,10,10,10,10,10,10,10,10,10,10,XXX,XXX,XXX,XXX,XXX,XXX,XXX,XXX,25,12,XXX
268,Cascoon,5,5,5,5,5,5,5,5,5,5,5,5,5,5,XXX,XXX,XXX,XXX,XXX,XXX,XXX,XXX,25,11,XXX
269,Dustox,10,10,10,10,10,10,10,10,10,10,10,10,10,10,XXX,XXX,XXX,XXX,XXX,XXX,XXX,XXX,25,12,XXX
270,Lotad,1,3,3,3,3,3,3,3,3,3,3,5,5,5,38,XXX,XXX,XXX,XXX,XXX,XXX,XXX,XXX,10,XXX
271,Lombre,14,14,14,14,14,14,14,14,14,14,14,14,14,14,39,XXX,XXX,XXX,XXX,XXX,XXX,XXX,XXX,14,XXX
272,Ludicolo,14,14,14,14,14,14,14,14,14,14,14,14,14,14,39,XXX,XXX,XXX,XXX,XXX,XXX,XXX,XXX,14,50
273,Seedot,1,3,3,3,3,3,3,3,3,3,3,5,5,5,45,XXX,XXX,XXX,XXX,XXX,XXX,XXX,XXX,10,XXX
274,Nuzleaf,14,14,14,14,14,14,14,14,14,14,14,14,14,14,38,XXX,XXX,XXX,XXX,XXX,XXX,XXX,XXX,14,XXX
275,Shiftry,14,14,14,14,14,14,14,14,14,14,14,14,14,14,38,XXX,XXX,XXX,XXX,XXX,XXX,XXX,XXX,14,XXX
276,Taillow,1,4,4,4,4,4,4,4,4,4,4,10,10,10,XXX,18,18,18,18,18,18,18,XXX,10,XXX
277,Swellow,15,15,15,15,15,15,15,15,15,15,15,15,15,15,XXX,22,22,22,22,22,22,22,XXX,22,XXX
278,Wingull,1,2,2,2,2,2,2,2,2,2,2,10,10,10,XXX,35,35,35,35,35,35,35,XXX,10,XXX
279,Pelipper,20,20,20,20,20,20,20,20,20,20,20,20,20,20,XXX,36,36,36,36,36,36,36,XXX,25,XXX
280,Ralts,1,4,4,4,4,4,4,4,4,4,4,4,4,4,XXX,10,10,10,10,10,10,10,XXX,5,XXX
281,Kirlia,6,6,6,6,6,6,6,6,6,6,6,6,6,6,XXX,20,20,20,20,20,20,20,XXX,20,XXX
282,Gardevoir,30,30,30,30,30,30,30,30,30,30,30,30,30,30,XXX,30,30,30,30,30,30,30,XXX,30,50
283,Surskit,1,2,2,2,2,2,2,2,2,2,2,2,2,2,40,XXX,XXX,XXX,XXX,XXX,XXX,XXX,XXX,10,XXX
284,Masquerain,15,15,15,15,15,15,15,15,15,15,15,15,15,15,41,XXX,XXX,XXX,XXX,XXX,XXX,XXX,XXX,22,XXX
285,Shroomish,1,5,5,5,5,5,5,5,5,5,5,10,10,10,20,XXX,XXX,XXX,XXX,XXX,XXX,XXX,XXX,10,XXX
286,Breloom,23,23,23,23,23,23,23,23,23,23,23,23,23,23,23,XXX,XXX,XXX,XXX,XXX,XXX,XXX,XXX,23,XXX
287,Slakoth,1,5,5,5,5,5,5,5,5,5,5,5,5,5,XXX,10,10,10,10,10,10,10,XXX,10,XXX
288,Vigoroth,18,18,18,18,18,18,18,18,18,18,18,18,18,18,47,18,18,18,18,18,18,18,XXX,18,XXX
289,Slaking,36,36,36,36,36,36,36,36,36,36,36,36,36,36,48,36,36,36,36,36,36,36,XXX,36,50
290,Nincada,1,6,6,6,6,6,6,6,6,6,6,11,11,11,XXX,XXX,XXX,XXX,XXX,XXX,XXX,XXX,26,10,XXX
291,Ninjask,20,20,20,20,20,20,20,20,20,20,20,20,20,20,XXX,XXX,XXX,XXX,XXX,XXX,XXX,XXX,27,20,XXX
292,Shedinja,20,20,20,20,20,20,20,20,20,20,20,XXX,XXX,XXX,XXX,XXX,XXX,XXX,XXX,XXX,XXX,XXX,XXX,XXX,XXX
293,Whismur,1,3,3,3,3,3,3,3,3,3,3,3,3,3,XXX,3,3,3,3,3,3,3,XXX,10,XXX
294,Loudred,20,20,20,20,20,20,20,20,20,20,20,20,20,20,XXX,20,20,20,20,20,20,20,XXX,20,XXX
295,Exploud,30,30,30,30,30,30,30,30,30,30,30,30,30,30,XXX,30,30,30,30,30,30,30,XXX,30,XXX
296,Makuhita,1,2,2,2,2,2,2,2,2,2,2,2,2,2,XXX,2,2,2,2,2,2,2,XXX,10,XXX
297,Hariyama,24,24,24,24,24,24,24,24,24,24,24,24,24,24,XXX,24,24,24,24,24,24,24,XXX,24,XXX
298,Azurill,1,5,5,5,5,5,5,5,5,5,5,5,5,5,XXX,XXX,XXX,XXX,XXX,XXX,XXX,XXX,XXX,XXX,XXX
299,Nosepass,1,10,10,10,10,10,10,10,10,10,10,10,10,10,45,XXX,XXX,XXX,XXX,XXX,XXX,XXX,XXX,10,XXX
300,Skitty,1,7,7,7,7,7,7,7,7,7,7,10,10,10,XXX,XXX,XXX,XXX,XXX,XXX,XXX,XXX,XXX,10,XXX
301,Delcatty,1,7,7,7,7,7,7,7,7,7,7,10,10,10,XXX,XXX,XXX,XXX,XXX,XXX,XXX,XXX,XXX,10,XXX
302,Sableye,1,9,9,9,9,9,9,9,9,9,9,10,10,10,XXX,13,13,13,13,13,13,13,XXX,10,50
303,Mawile,1,9,9,9,9,9,9,9,9,9,9,10,10,10,XXX,13,13,13,13,13,13,13,XXX,10,XXX
304,Aron,1,5,5,5,5,5,5,5,5,5,5,5,5,5,44,XXX,XXX,XXX,XXX,XXX,XXX,XXX,XXX,10,XXX
305,Lairon,32,32,32,32,32,32,32,32,32,32,32,32,32,32,45,XXX,XXX,XXX,XXX,XXX,XXX,XXX,XXX,32,XXX
306,Aggron,42,42,42,42,42,42,42,42,42,42,42,42,42,42,46,XXX,XXX,XXX,XXX,XXX,XXX,XXX,XXX,42,XXX
307,Meditite,1,5,5,5,5,5,5,5,5,5,5,5,5,5,44,5,5,5,5,5,5,5,XXX,10,XXX
308,Medicham,35,35,35,35,35,35,35,35,35,35,35,35,35,35,44,37,37,37,37,37,37,37,XXX,37,XXX
309,Electrike,1,7,7,7,7,7,7,7,7,7,7,7,7,7,42,XXX,XXX,XXX,XXX,XXX,XXX,XXX,XXX,10,XXX
310,Manectric,26,26,26,26,26,26,26,26,26,26,26,26,26,26,37,XXX,XXX,XXX,XXX,XXX,XXX,XXX,XXX,26,XXX
311,Plusle,1,2,2,2,2,2,2,2,2,2,2,2,2,2,XXX,2,2,2,2,2,2,2,XXX,10,XXX
312,Minun,1,3,3,3,3,3,3,3,3,3,3,3,3,3,XXX,3,3,3,3,3,3,3,XXX,10,XXX
313,Volbeat,1,10,10,10,10,10,10,10,10,10,10,10,10,10,46,XXX,XXX,XXX,XXX,XXX,XXX,XXX,26,10,XXX
314,Illumise,1,10,10,10,10,10,10,10,10,10,10,10,10,10,46,XXX,XXX,XXX,XXX,XXX,XXX,XXX,26,10,XXX
315,Roselia,1,4,4,4,4,4,4,4,4,4,4,4,4,4,20,4,4,4,4,4,4,4,4,10,XXX
316,Gulpin,1,5,5,5,5,5,5,5,5,5,5,5,5,5,20,5,5,5,5,5,5,5,5,10,XXX
317,Swalot,15,15,15,15,15,15,15,15,15,15,15,15,15,15,26,26,26,26,26,26,26,26,26,26,XXX
318,Carvanha,1,10,10,10,10,10,10,10,10,10,10,10,10,10,15,XXX,XXX,XXX,XXX,XXX,XXX,XXX,XXX,10,XXX
319,Sharpedo,30,30,30,30,30,30,30,30,30,30,30,30,30,30,30,XXX,XXX,XXX,XXX,XXX,XXX,XXX,XXX,30,XXX
320,Wailmer,1,10,10,10,10,10,10,10,10,10,10,10,10,10,XXX,XXX,XXX,XXX,XXX,XXX,XXX,XXX,XXX,10,XXX
321,Wailord,25,25,25,25,25,25,25,25,25,25,25,30,30,30,XXX,XXX,XXX,XXX,XXX,XXX,XXX,XXX,XXX,40,XXX
322,Numel,1,5,5,5,5,5,5,5,5,5,5,5,5,5,XXX,5,5,5,5,5,5,5,XXX,10,XXX
323,Camerupt,33,33,33,33,33,33,33,33,33,33,33,33,33,33,XXX,33,33,33,33,33,33,33,XXX,33,XXX
324,Torkoal,1,10,10,10,10,10,10,10,10,10,10,10,10,10,46,XXX,XXX,XXX,XXX,XXX,XXX,XXX,XXX,10,XXX
325,Spoink,1,3,3,3,3,3,3,3,3,3,3,3,3,3,XXX,3,3,3,3,3,3,3,XXX,10,XXX
326,Grumpig,32,32,32,32,32,32,32,32,32,32,32,32,32,32,XXX,32,32,32,32,32,32,32,XXX,32,XXX
327,Spinda,1,5,5,5,5,5,5,5,5,5,5,5,5,5,XXX,5,5,5,5,5,5,5,XXX,10,XXX
328,Trapinch,1,5,5,5,5,5,5,5,5,5,5,5,5,5,46,XXX,XXX,XXX,XXX,XXX,XXX,XXX,XXX,10,XXX
329,Vibrava,35,35,35,35,35,35,35,35,35,35,35,35,35,35,47,XXX,XXX,XXX,XXX,XXX,XXX,XXX,XXX,35,XXX
330,Flygon,45,45,45,45,45,45,45,45,45,45,45,45,45,45,48,XXX,XXX,XXX,XXX,XXX,XXX,XXX,XXX,45,50
331,Cacnea,1,10,10,10,10,10,10,10,10,10,10,10,10,10,35,XXX,XXX,XXX,XXX,XXX,XXX,XXX,XXX,10,XXX
332,Cacturne,15,15,15,15,15,15,15,15,15,15,15,15,15,15,XXX,XXX,XXX,XXX,XXX,XXX,XXX,XXX,XXX,32,XXX
333,Swablu,1,10,10,10,10,10,10,10,10,10,10,10,10,10,XXX,23,23,23,23,23,23,23,XXX,5,XXX
334,Altaria,35,35,35,35,35,35,35,35,35,35,35,35,35,35,XXX,35,35,35,35,35,35,35,XXX,35,XXX
335,Zangoose,1,10,10,10,10,10,10,10,10,10,10,10,10,10,43,XXX,XXX,XXX,XXX,XXX,XXX,XXX,XXX,10,XXX
336,Seviper,1,10,10,10,10,10,10,10,10,10,10,10,10,10,48,XXX,XXX,XXX,XXX,XXX,XXX,XXX,XXX,10,XXX
337,Lunatone,1,4,4,4,4,4,4,4,4,4,4,4,4,4,46,XXX,XXX,XXX,XXX,XXX,XXX,XXX,XXX,10,XXX
338,Solrock,1,4,4,4,4,4,4,4,4,4,4,4,4,4,45,XXX,XXX,XXX,XXX,XXX,XXX,XXX,XXX,10,XXX
339,Barboach,1,10,10,10,10,10,10,10,10,10,10,10,10,10,10,XXX,XXX,XXX,XXX,XXX,XXX,XXX,XXX,10,XXX
340,Whiscash,10,10,10,10,10,10,10,10,10,10,10,10,10,10,30,10,10,10,10,10,10,10,XXX,30,XXX
341,Corphish,1,5,5,5,5,5,5,5,5,5,5,5,5,5,26,XXX,XXX,XXX,XXX,XXX,XXX,XXX,XXX,10,50
342,Crawdaunt,30,30,30,30,30,30,30,30,30,30,30,30,30,30,30,XXX,XXX,XXX,XXX,XXX,XXX,XXX,XXX,30,XXX
343,Baltoy,1,3,3,3,3,3,3,3,3,3,3,3,3,3,XXX,3,3,3,3,3,3,3,XXX,10,XXX
344,Claydol,36,36,36,36,36,36,36,36,36,36,36,36,36,36,XXX,36,36,36,36,36,36,36,XXX,36,XXX
345,Lileep,1,10,10,10,10,10,10,10,10,10,10,10,10,10,XXX,XXX,XXX,XXX,XXX,XXX,XXX,XXX,XXX,10,15
346,Cradily,40,40,40,40,40,40,40,40,40,40,40,40,40,40,XXX,XXX,XXX,XXX,XXX,XXX,XXX,XXX,XXX,40,40
347,Anorith,1,10,10,10,10,10,10,10,10,10,10,10,10,10,XXX,XXX,XXX,XXX,XXX,XXX,XXX,XXX,XXX,10,15
348,Armaldo,40,40,40,40,40,40,40,40,40,40,40,40,40,40,XXX,XXX,XXX,XXX,XXX,XXX,XXX,XXX,XXX,40,40
349,Feebas,1,5,5,5,5,5,5,5,5,5,5,10,10,10,XXX,XXX,XXX,XXX,XXX,XXX,XXX,XXX,XXX,10,XXX
350,Milotic,1,5,5,5,5,5,5,5,5,5,5,10,10,10,XXX,XXX,XXX,XXX,XXX,XXX,XXX,XXX,XXX,10,50
351,Castform,1,10,10,10,10,10,10,10,10,10,10,10,10,10,XXX,XXX,XXX,XXX,XXX,XXX,XXX,XXX,XXX,10,XXX
352,Kecleon,1,10,10,10,10,10,10,10,10,10,10,10,10,10,20,XXX,XXX,XXX,XXX,XXX,XXX,XXX,XXX,10,XXX
353,Shuppet,1,10,10,10,10,10,10,10,10,10,10,10,10,10,46,XXX,XXX,XXX,XXX,XXX,XXX,XXX,XXX,10,XXX
354,Banette,32,32,32,32,32,32,32,32,32,32,32,32,32,32,44,XXX,XXX,XXX,XXX,XXX,XXX,XXX,XXX,37,XXX
355,Duskull,1,10,10,10,10,10,10,10,10,10,10,10,10,10,38,XXX,XXX,XXX,XXX,XXX,XXX,XXX,XXX,10,XXX
356,Dusclops,36,36,36,36,36,36,36,36,36,36,36,36,36,36,39,XXX,XXX,XXX,XXX,XXX,XXX,XXX,XXX,39,XXX
357,Tropius,1,10,10,10,10,10,10,10,10,10,10,10,10,10,28,XXX,XXX,XXX,XXX,XXX,XXX,XXX,XXX,10,53
358,Chimecho,1,3,3,3,3,3,3,3,3,3,3,3,3,3,47,XXX,XXX,XXX,XXX,XXX,XXX,XXX,XXX,10,XXX
359,Absol,1,2,2,2,2,2,2,2,2,2,2,2,2,2,XXX,XXX,XXX,XXX,XXX,XXX,XXX,XXX,XXX,10,XXX
360,Wynaut,1,5,5,5,5,5,5,5,5,5,5,15,15,15,XXX,XXX,XXX,XXX,XXX,XXX,XXX,XXX,XXX,XXX,XXX
361,Snorunt,1,10,10,10,10,10,10,10,10,10,10,10,10,10,XXX,XXX,XXX,XXX,XXX,XXX,XXX,XXX,XXX,10,XXX
362,Glalie,42,42,42,42,42,42,42,42,42,42,42,42,42,42,XXX,XXX,XXX,XXX,XXX,XXX,XXX,XXX,XXX,42,XXX
363,Spheal,1,10,10,10,10,10,10,10,10,10,10,10,10,10,45,XXX,XXX,XXX,XXX,XXX,XXX,XXX,XXX,10,XXX
364,Sealeo,25,25,25,25,25,25,25,25,25,25,25,25,25,25,45,XXX,XXX,XXX,XXX,XXX,XXX,XXX,XXX,32,XXX
365,Walrein,30,30,30,30,30,30,30,30,30,30,30,30,30,30,46,XXX,XXX,XXX,XXX,XXX,XXX,XXX,XXX,44,50
366,Clamperl,1,10,10,10,10,10,10,10,10,10,10,10,10,10,XXX,35,35,35,35,35,35,35,XXX,10,XXX
367,Huntail,1,10,10,10,10,10,10,10,10,10,10,10,10,10,XXX,35,35,35,35,35,35,35,XXX,10,XXX
368,Gorebyss,1,10,10,10,10,10,10,10,10,10,10,10,10,10,XXX,35,35,35,35,35,35,35,XXX,10,XXX
369,Relicanth,1,10,10,10,10,10,10,10,10,10,10,10,10,10,XXX,10,10,10,10,10,10,10,XXX,10,XXX
370,Luvdisc,1,10,10,10,10,10,10,10,10,10,10,10,10,10,XXX,20,20,20,20,20,20,20,XXX,10,XXX
371,Bagon,1,5,5,5,5,5,5,5,5,5,5,5,5,5,45,XXX,XXX,XXX,XXX,XXX,XXX,XXX,XXX,10,XXX
372,Shelgon,30,30,30,30,30,30,30,30,30,30,30,30,30,30,46,XXX,XXX,XXX,XXX,XXX,XXX,XXX,XXX,30,XXX
373,Salamence,50,50,50,50,50,50,50,50,50,50,50,50,50,50,47,XXX,XXX,XXX,XXX,XXX,XXX,XXX,XXX,50,50
374,Beldum,1,10,10,10,10,10,10,10,10,10,10,10,10,10,44,XXX,XXX,XXX,XXX,XXX,XXX,XXX,XXX,5,XXX
375,Metang,20,20,20,20,20,20,20,20,20,20,20,20,20,20,44,XXX,XXX,XXX,XXX,XXX,XXX,XXX,XXX,20,XXX
376,Metagross,45,45,45,45,45,45,45,45,45,45,45,45,45,45,45,XXX,XXX,XXX,XXX,XXX,XXX,XXX,XXX,45,50
377,Regirock,30,30,30,30,30,30,30,30,30,30,30,30,30,30,XXX,XXX,XXX,XXX,XXX,XXX,XXX,XXX,XXX,XXX,XXX
378,Regice,30,30,30,30,30,30,30,30,30,30,30,30,30,30,XXX,XXX,XXX,XXX,XXX,XXX,XXX,XXX,XXX,XXX,XXX
379,Registeel,30,30,30,30,30,30,30,30,30,30,30,30,30,30,XXX,XXX,XXX,XXX,XXX,XXX,XXX,XXX,XXX,XXX,XXX
380,Latias,35,35,35,35,35,35,35,35,35,35,35,35,35,35,XXX,35,35,35,35,35,35,35,XXX,XXX,XXX
381,Latios,35,35,35,35,35,35,35,35,35,35,35,35,35,35,XXX,35,35,35,35,35,35,35,XXX,XXX,XXX
382,Kyogre,45,45,45,45,45,45,45,45,45,45,45,50,50,50,XXX,50,50,50,50,50,50,50,XXX,XXX,50
383,Groudon,45,45,45,45,45,45,45,45,45,45,45,50,50,50,XXX,50,50,50,50,50,50,50,XXX,XXX,50
384,Rayquaza,50,50,50,50,50,50,50,50,50,50,50,50,50,50,XXX,50,50,50,50,50,50,50,XXX,XXX,70
385,Jirachi,5,XXX,XXX,XXX,XXX,XXX,XXX,XXX,XXX,XXX,XXX,XXX,XXX,XXX,XXX,XXX,XXX,XXX,XXX,XXX,XXX,XXX,XXX,XXX,5
386,Deoxys,30,30,30,30,30,30,30,30,30,30,30,100,XXX,XXX,XXX,XXX,XXX,XXX,XXX,XXX,XXX,XXX,XXX,XXX,50
387,Turtwig,1,10,10,10,10,10,10,10,10,10,10,10,10,10,XXX,XXX,XXX,XXX,XXX,XXX,XXX,XXX,XXX,10,XXX
388,Grotle,18,18,18,18,18,18,18,18,18,18,18,18,18,18,XXX,XXX,XXX,XXX,XXX,XXX,XXX,XXX,XXX,18,XXX
389,Torterra,32,32,32,32,32,32,32,32,32,32,32,32,32,32,XXX,XXX,XXX,XXX,XXX,XXX,XXX,XXX,XXX,32,100
390,Chimchar,1,10,10,10,10,10,10,10,10,10,10,10,10,10,XXX,XXX,XXX,XXX,XXX,XXX,XXX,XXX,XXX,10,40
391,Monferno,14,14,14,14,14,14,14,14,14,14,14,14,14,14,XXX,XXX,XXX,XXX,XXX,XXX,XXX,XXX,XXX,14,41
392,Infernape,36,36,36,36,36,36,36,36,36,36,36,36,36,36,XXX,XXX,XXX,XXX,XXX,XXX,XXX,XXX,XXX,36,42
393,Piplup,1,10,10,10,10,10,10,10,10,10,10,10,10,10,XXX,XXX,XXX,XXX,XXX,XXX,XXX,XXX,XXX,10,15
394,Prinplup,16,16,16,16,16,16,16,16,16,16,16,16,16,16,XXX,XXX,XXX,XXX,XXX,XXX,XXX,XXX,XXX,16,16
395,Empoleon,36,36,36,36,36,36,36,36,36,36,36,36,36,36,XXX,XXX,XXX,XXX,XXX,XXX,XXX,XXX,XXX,36,36
396,Starly,1,2,2,2,2,2,2,2,2,2,2,2,2,2,22,5,5,5,5,5,5,5,XXX,XXX,XXX
397,Staravia,4,4,4,4,4,4,4,4,4,4,4,4,4,4,20,14,14,14,14,14,14,14,XXX,14,XXX
398,Staraptor,34,34,34,34,34,34,34,34,34,34,34,34,34,34,34,34,34,34,34,34,34,34,XXX,34,XXX
399,Bidoof,1,2,2,2,2,2,2,2,2,2,2,2,2,2,22,3,3,3,3,3,3,3,XXX,10,XXX
400,Bibarel,4,4,4,4,4,4,4,4,4,4,4,4,4,4,21,15,15,15,15,15,15,15,XXX,15,XXX
401,Kricketot,1,2,2,2,2,2,2,2,2,2,2,2,2,2,XXX,3,3,3,3,3,3,3,27,10,XXX
402,Kricketune,10,10,10,10,10,10,10,10,10,10,10,10,10,10,XXX,10,10,10,10,10,10,10,27,11,XXX
403,Shinx,1,2,2,2,2,2,2,2,2,2,2,2,2,2,43,2,2,2,2,2,2,2,XXX,10,XXX
404,Luxio,15,15,15,15,15,15,15,15,15,15,15,15,15,15,44,15,15,15,15,15,15,15,XXX,15,XXX
405,Luxray,30,30,30,30,30,30,30,30,30,30,30,30,30,30,45,30,30,30,30,30,30,30,XXX,30,XXX
406,Budew,1,3,3,3,3,3,3,3,3,3,3,3,3,3,20,3,3,3,3,3,3,3,XXX,XXX,XXX
407,Roserade,1,4,4,4,4,4,4,4,4,4,4,4,4,4,20,4,4,4,4,4,4,4,XXX,10,XXX
408,Cranidos,1,10,10,10,10,10,10,10,10,10,10,10,10,10,XXX,XXX,XXX,XXX,XXX,XXX,XXX,XXX,XXX,10,15
409,Rampardos,30,30,30,30,30,30,30,30,30,30,30,30,30,30,XXX,XXX,XXX,XXX,XXX,XXX,XXX,XXX,XXX,30,30
410,Shieldon,1,10,10,10,10,10,10,10,10,10,10,10,10,10,XXX,XXX,XXX,XXX,XXX,XXX,XXX,XXX,XXX,10,15
411,Bastiodon,30,30,30,30,30,30,30,30,30,30,30,30,30,30,XXX,XXX,XXX,XXX,XXX,XXX,XXX,XXX,XXX,30,30
412,Burmy,1,5,5,5,5,5,5,5,5,5,5,5,5,5,XXX,18,18,18,18,18,18,18,XXX,10,XXX
413,Wormadam,20,20,20,20,20,20,20,20,20,20,20,20,20,20,XXX,20,20,20,20,20,20,20,XXX,20,XXX
414,Mothim,20,20,20,20,20,20,20,20,20,20,20,20,20,20,XXX,20,20,20,20,20,20,20,XXX,20,XXX
415,Combee,1,5,5,5,5,5,5,5,5,5,5,5,5,5,XXX,11,11,11,11,11,11,11,27,10,XXX
416,Vespiquen,21,21,21,21,21,21,21,21,21,21,21,21,21,21,XXX,21,22,23,24,25,26,27,28,21,XXX
417,Pachirisu,1,7,7,7,7,7,7,7,7,7,7,7,7,7,43,XXX,XXX,XXX,XXX,XXX,XXX,XXX,XXX,10,XXX
418,Buizel,1,2,2,2,2,2,2,2,2,2,2,2,2,2,45,2,2,2,2,2,2,2,XXX,10,XXX
419,Floatzel,10,10,10,10,10,10,10,10,10,10,10,10,10,10,44,26,26,26,26,26,26,26,XXX,26,XXX
420,Cherubi,1,5,5,5,5,5,5,5,5,5,5,5,5,5,XXX,18,18,18,18,18,18,18,XXX,10,XXX
421,Cherrim,25,25,25,25,25,25,25,25,25,25,25,25,25,25,XXX,25,25,25,25,25,25,25,XXX,25,XXX
422,Shellos,1,7,7,7,7,7,7,7,7,7,7,7,7,7,XXX,XXX,XXX,XXX,XXX,XXX,XXX,XXX,XXX,10,XXX
423,Gastrodon,20,20,20,20,20,20,20,20,20,20,20,20,20,20,XXX,XXX,XXX,XXX,XXX,XXX,XXX,XXX,XXX,30,XXX
424,Ambipom,2,32,32,32,32,32,32,32,32,32,32,32,32,32,34,32,32,32,32,32,32,32,XXX,32,XXX
425,Drifloon,1,10,10,10,10,10,10,10,10,10,10,10,10,10,XXX,XXX,XXX,XXX,XXX,XXX,XXX,XXX,XXX,5,XXX
426,Drifblim,28,28,28,28,28,28,28,28,28,28,28,28,28,28,XXX,XXX,XXX,XXX,XXX,XXX,XXX,XXX,XXX,28,XXX
427,Buneary,1,8,8,8,8,8,8,8,8,8,8,8,8,8,XXX,8,8,8,8,8,8,8,XXX,XXX,XXX
428,Lopunny,2,9,9,9,9,9,9,9,9,9,9,9,9,9,XXX,9,9,9,9,9,9,9,XXX,XXX,XXX
429,Mismagius,1,10,10,10,10,10,10,10,10,10,10,10,10,10,17,20,20,20,20,20,20,20,XXX,10,XXX
430,Honchkrow,1,10,10,10,10,10,10,10,10,10,10,10,10,10,15,17,17,17,17,17,17,17,XXX,10,XXX
431,Glameow,1,10,10,10,10,10,10,10,10,10,10,10,10,10,XXX,XXX,XXX,XXX,XXX,XXX,XXX,XXX,XXX,10,XXX
432,Purugly,38,38,38,38,38,38,38,38,38,38,38,38,38,38,XXX,XXX,XXX,XXX,XXX,XXX,XXX,XXX,XXX,38,XXX
433,Chingling,1,2,2,2,2,2,2,2,2,2,2,2,2,2,38,2,2,2,2,2,2,2,XXX,XXX,XXX
434,Stunky,1,10,10,10,10,10,10,10,10,10,10,10,10,10,XXX,XXX,XXX,XXX,XXX,XXX,XXX,XXX,XXX,10,XXX
435,Skuntank,29,29,29,29,29,29,29,29,29,29,29,29,29,29,XXX,XXX,XXX,XXX,XXX,XXX,XXX,XXX,XXX,34,XXX
436,Bronzor,1,2,2,2,2,2,2,2,2,2,2,2,2,2,45,2,2,2,2,2,2,2,XXX,5,XXX
437,Bronzong,33,33,33,33,33,33,33,33,33,33,33,33,33,33,45,33,33,33,33,33,33,33,XXX,33,XXX
438,Bonsly,1,16,16,16,16,16,16,16,16,16,16,16,16,16,XXX,XXX,XXX,XXX,XXX,XXX,XXX,XXX,XXX,XXX,XXX
439,Mime Jr.,1,16,16,16,16,16,16,16,16,16,16,16,16,16,XXX,XXX,XXX,XXX,XXX,XXX,XXX,XXX,XXX,XXX,XXX
440,Happiny,1,5,5,5,5,5,5,5,5,5,5,5,5,5,XXX,XXX,XXX,XXX,XXX,XXX,XXX,XXX,XXX,XXX,XXX
441,Chatot,1,3,3,3,3,3,3,3,3,3,3,3,3,3,XXX,3,3,3,3,3,3,3,XXX,10,XXX
442,Spiritomb,1,10,10,10,10,10,10,10,10,10,10,10,10,10,XXX,XXX,XXX,XXX,XXX,XXX,XXX,XXX,XXX,5,61
443,Gible,1,10,10,10,10,10,10,10,10,10,10,10,10,10,44,XXX,XXX,XXX,XXX,XXX,XXX,XXX,XXX,10,XXX
444,Gabite,24,24,24,24,24,24,24,24,24,24,24,24,24,24,45,XXX,XXX,XXX,XXX,XXX,XXX,XXX,XXX,24,XXX
445,Garchomp,48,48,48,48,48,48,48,48,48,48,48,48,48,48,46,XXX,XXX,XXX,XXX,XXX,XXX,XXX,XXX,48,100
446,Munchlax,1,5,5,5,5,5,5,5,5,5,5,5,5,5,XXX,XXX,XXX,XXX,XXX,XXX,XXX,XXX,XXX,XXX,XXX
447,Riolu,1,5,5,5,5,5,5,5,5,5,5,5,5,5,47,XXX,XXX,XXX,XXX,XXX,XXX,XXX,XXX,5,XXX
448,Lucario,2,6,6,6,6,6,6,6,6,6,6,6,6,6,48,XXX,XXX,XXX,XXX,XXX,XXX,XXX,XXX,6,30
449,Hippopotas,1,10,10,10,10,10,10,10,10,10,10,10,10,10,43,XXX,XXX,XXX,XXX,XXX,XXX,XXX,XXX,10,XXX
450,Hippowdon,15,15,15,15,15,15,15,15,15,15,15,15,15,15,44,XXX,XXX,XXX,XXX,XXX,XXX,XXX,XXX,34,XXX
451,Skorupi,1,10,10,10,10,10,10,10,10,10,10,10,10,10,20,XXX,XXX,XXX,XXX,XXX,XXX,XXX,XXX,10,XXX
452,Drapion,40,40,40,40,40,40,40,40,40,40,40,40,40,40,20,XXX,XXX,XXX,XXX,XXX,XXX,XXX,XXX,40,XXX
453,Croagunk,1,10,10,10,10,10,10,10,10,10,10,10,10,10,20,XXX,XXX,XXX,XXX,XXX,XXX,XXX,XXX,10,XXX
454,Toxicroak,37,37,37,37,37,37,37,37,37,37,37,37,37,37,20,XXX,XXX,XXX,XXX,XXX,XXX,XXX,XXX,37,XXX
455,Carnivine,1,5,5,5,5,5,5,5,5,5,5,5,5,5,20,5,5,5,5,5,5,5,XXX,10,XXX
456,Finneon,1,10,10,10,10,10,10,10,10,10,10,10,10,10,XXX,XXX,XXX,XXX,XXX,XXX,XXX,XXX,XXX,10,XXX
457,Lumineon,20,20,20,20,20,20,20,20,20,20,20,20,20,20,XXX,XXX,XXX,XXX,XXX,XXX,XXX,XXX,XXX,31,XXX
458,Mantyke,1,25,25,25,25,25,25,25,25,25,25,25,25,25,XXX,XXX,XXX,XXX,XXX,XXX,XXX,XXX,XXX,XXX,XXX
459,Snover,1,10,10,10,10,10,10,10,10,10,10,10,10,10,XXX,XXX,XXX,XXX,XXX,XXX,XXX,XXX,XXX,10,XXX
460,Abomasnow,38,38,38,38,38,38,38,38,38,38,38,38,38,38,XXX,XXX,XXX,XXX,XXX,XXX,XXX,XXX,XXX,40,XXX
461,Weavile,2,11,11,11,11,11,11,11,11,11,11,11,11,11,XXX,43,43,43,43,43,43,43,XXX,11,30
462,Magnezone,18,18,18,18,18,18,18,18,18,18,18,18,18,18,18,31,31,31,31,31,31,31,XXX,31,XXX
463,Lickilicky,2,33,33,33,33,33,33,33,33,33,33,33,33,33,41,33,33,33,33,33,33,33,XXX,33,XXX
464,Rhyperior,41,41,41,41,41,41,41,41,41,41,41,41,41,41,42,42,42,42,42,42,42,42,XXX,42,XXX
465,Tangrowth,2,33,33,33,33,33,33,33,33,33,33,33,33,33,33,33,33,33,33,33,33,33,XXX,36,XXX
466,Electivire,15,15,15,15,15,15,15,15,15,15,15,15,15,15,41,15,15,15,15,15,15,15,XXX,30,50
467,Magmortar,14,14,14,14,14,14,14,14,14,14,14,14,14,14,17,14,14,14,14,14,14,14,XXX,30,50
468,Togekiss,2,6,6,6,6,6,6,6,6,6,6,6,6,6,XXX,XXX,XXX,XXX,XXX,XXX,XXX,XXX,XXX,6,XXX
469,Yanmega,33,33,33,33,33,33,33,33,33,33,33,33,33,33,33,33,33,33,33,33,33,33,XXX,33,XXX
470,Leafeon,2,10,10,10,10,10,10,10,10,10,10,10,10,10,XXX,XXX,XXX,XXX,XXX,XXX,XXX,XXX,XXX,10,11
471,Glaceon,2,10,10,10,10,10,10,10,10,10,10,10,10,10,XXX,XXX,XXX,XXX,XXX,XXX,XXX,XXX,XXX,10,11
472,Gliscor,7,7,7,7,8,8,8,8,8,8,8,8,8,8,37,25,25,25,25,25,25,25,XXX,11,XXX
473,Mamoswine,31,31,31,31,31,31,31,31,31,31,31,31,31,31,XXX,34,34,34,34,34,34,34,XXX,34,XXX
474,Porygon-Z,1,10,10,10,10,10,10,10,10,10,10,10,10,10,XXX,XXX,XXX,XXX,XXX,XXX,XXX,XXX,XXX,10,XXX
475,Gallade,6,6,6,6,6,6,6,6,6,6,6,6,6,6,XXX,20,20,20,20,20,20,20,XXX,20,XXX
476,Probopass,2,11,11,11,11,11,11,11,11,11,11,11,11,11,46,XXX,XXX,XXX,XXX,XXX,XXX,XXX,XXX,11,XXX
477,Dusknoir,37,36,36,36,36,36,36,36,36,36,36,36,36,36,39,XXX,XXX,XXX,XXX,XXX,XXX,XXX,XXX,37,XXX
478,Froslass,1,10,10,10,10,10,10,10,10,10,10,10,10,10,XXX,XXX,XXX,XXX,XXX,XXX,XXX,XXX,XXX,10,XXX
479,Rotom,1,10,10,10,10,10,10,10,10,10,10,10,10,10,XXX,XXX,XXX,XXX,XXX,XXX,XXX,XXX,XXX,5,10
480,Uxie,50,50,50,50,50,50,50,50,50,50,50,50,50,50,XXX,XXX,XXX,XXX,XXX,XXX,XXX,XXX,XXX,XXX,XXX
481,Mesprit,50,50,50,50,50,50,50,50,50,50,50,50,50,50,XXX,XXX,XXX,XXX,XXX,XXX,XXX,XXX,XXX,XXX,XXX
482,Azelf,50,50,50,50,50,50,50,50,50,50,50,50,50,50,XXX,XXX,XXX,XXX,XXX,XXX,XXX,XXX,XXX,XXX,XXX
483,Dialga,1,47,47,47,47,47,47,47,47,47,47,47,47,47,XXX,XXX,XXX,XXX,XXX,XXX,XXX,XXX,XXX,5,XXX
484,Palkia,1,47,47,47,47,47,47,47,47,47,47,47,47,47,XXX,XXX,XXX,XXX,XXX,XXX,XXX,XXX,XXX,5,XXX
485,Heatran,50,50,50,50,50,50,50,50,50,50,50,50,50,50,XXX,XXX,XXX,XXX,XXX,XXX,XXX,XXX,XXX,XXX,XXX
486,Regigigas,1,1,1,1,1,1,1,1,1,1,1,1,1,1,XXX,XXX,XXX,XXX,XXX,XXX,XXX,XXX,XXX,XXX,100
487,Giratina,1,47,47,47,47,47,47,47,47,47,47,47,47,47,XXX,XXX,XXX,XXX,XXX,XXX,XXX,XXX,XXX,5,XXX
488,Cresselia,50,50,50,50,50,50,50,50,50,50,50,50,50,50,XXX,XXX,XXX,XXX,XXX,XXX,XXX,XXX,XXX,XXX,XXX
489,Phione,1,XXX,XXX,XXX,XXX,XXX,XXX,XXX,XXX,XXX,XXX,XXX,XXX,XXX,XXX,XXX,XXX,XXX,XXX,XXX,XXX,XXX,XXX,XXX,50
490,Manaphy,1,XXX,XXX,XXX,XXX,XXX,XXX,XXX,XXX,XXX,XXX,XXX,XXX,XXX,XXX,XXX,XXX,XXX,XXX,XXX,XXX,XXX,XXX,XXX,50
491,Darkrai,50,50,50,50,50,50,50,50,50,50,50,50,50,50,XXX,XXX,XXX,XXX,XXX,XXX,XXX,XXX,XXX,XXX,50
492,Shaymin,30,30,30,30,30,30,30,30,30,30,30,30,30,30,XXX,XXX,XXX,XXX,XXX,XXX,XXX,XXX,XXX,XXX,30
493,Arceus,100,100,100,100,100,100,100,100,100,100,100,100,100,100,XXX,XXX,XXX,XXX,XXX,XXX,XXX,XXX,XXX,100,100
494,Victini,15,15,15,15,15,15,15,15,15,15,15,15,15,15,XXX,XXX,XXX,XXX,XXX,XXX,XXX,XXX,XXX,XXX,50
495,Snivy,1,XXX,XXX,XXX,XXX,XXX,XXX,XXX,XXX,XXX,XXX,XXX,XXX,XXX,XXX,XXX,XXX,XXX,XXX,XXX,XXX,XXX,XXX,XXX,5
496,Servine,17,XXX,XXX,XXX,XXX,XXX,XXX,XXX,XXX,XXX,XXX,XXX,XXX,XXX,XXX,XXX,XXX,XXX,XXX,XXX,XXX,XXX,XXX,XXX,17
497,Serperior,36,XXX,XXX,XXX,XXX,XXX,XXX,XXX,XXX,XXX,XXX,XXX,XXX,XXX,XXX,XXX,XXX,XXX,XXX,XXX,XXX,XXX,XXX,XXX,36
498,Tepig,1,XXX,XXX,XXX,XXX,XXX,XXX,XXX,XXX,XXX,XXX,XXX,XXX,XXX,XXX,XXX,XXX,XXX,XXX,XXX,XXX,XXX,XXX,XXX,XXX
499,Pignite,17,XXX,XXX,XXX,XXX,XXX,XXX,XXX,XXX,XXX,XXX,XXX,XXX,XXX,XXX,XXX,XXX,XXX,XXX,XXX,XXX,XXX,XXX,XXX,XXX
500,Emboar,36,XXX,XXX,XXX,XXX,XXX,XXX,XXX,XXX,XXX,XXX,XXX,XXX,XXX,XXX,XXX,XXX,XXX,XXX,XXX,XXX,XXX,XXX,XXX,100
501,Oshawott,1,XXX,XXX,XXX,XXX,XXX,XXX,XXX,XXX,XXX,XXX,XXX,XXX,XXX,XXX,XXX,XXX,XXX,XXX,XXX,XXX,XXX,XXX,XXX,XXX
502,Dewott,17,XXX,XXX,XXX,XXX,XXX,XXX,XXX,XXX,XXX,XXX,XXX,XXX,XXX,XXX,XXX,XXX,XXX,XXX,XXX,XXX,XXX,XXX,XXX,XXX
503,Samurott,36,XXX,XXX,XXX,XXX,XXX,XXX,XXX,XXX,XXX,XXX,XXX,XXX,XXX,XXX,XXX,XXX,XXX,XXX,XXX,XXX,XXX,XXX,XXX,100
504,Patrat,1,2,2,2,2,2,2,2,2,2,2,2,2,2,XXX,XXX,XXX,XXX,XXX,XXX,XXX,XXX,XXX,XXX,XXX
505,Watchog,20,20,20,20,20,20,20,20,20,20,20,20,20,20,XXX,XXX,XXX,XXX,XXX,XXX,XXX,XXX,XXX,XXX,XXX
506,Lillipup,1,2,2,2,2,2,2,2,2,2,2,2,2,2,XXX,XXX,XXX,XXX,XXX,XXX,XXX,XXX,XXX,XXX,XXX
507,Herdier,10,10,10,10,10,10,10,10,10,10,10,10,10,10,XXX,XXX,XXX,XXX,XXX,XXX,XXX,XXX,XXX,XXX,XXX
508,Stoutland,23,23,23,23,23,23,23,23,23,23,23,23,23,23,XXX,XXX,XXX,XXX,XXX,XXX,XXX,XXX,XXX,XXX,XXX
509,Purrloin,1,2,2,2,2,2,2,2,2,2,2,2,2,2,XXX,XXX,XXX,XXX,XXX,XXX,XXX,XXX,XXX,XXX,XXX
510,Liepard,20,20,20,20,20,20,20,20,20,20,20,20,20,20,XXX,XXX,XXX,XXX,XXX,XXX,XXX,XXX,XXX,XXX,XXX
511,Pansage,1,10,10,10,10,10,10,10,10,10,10,10,10,10,XXX,XXX,XXX,XXX,XXX,XXX,XXX,XXX,XXX,10,30
512,Simisage,1,10,10,10,10,10,10,10,10,10,10,10,10,10,XXX,XXX,XXX,XXX,XXX,XXX,XXX,XXX,XXX,10,30
513,Pansear,1,10,10,10,10,10,10,10,10,10,10,10,10,10,XXX,XXX,XXX,XXX,XXX,XXX,XXX,XXX,XXX,10,XXX
514,Simisear,1,10,10,10,10,10,10,10,10,10,10,10,10,10,XXX,XXX,XXX,XXX,XXX,XXX,XXX,XXX,XXX,10,XXX
515,Panpour,1,10,10,10,10,10,10,10,10,10,10,10,10,10,XXX,XXX,XXX,XXX,XXX,XXX,XXX,XXX,XXX,10,XXX
516,Simipour,1,10,10,10,10,10,10,10,10,10,10,10,10,10,XXX,XXX,XXX,XXX,XXX,XXX,XXX,XXX,XXX,10,XXX
517,Munna,1,8,8,8,8,8,8,8,8,8,8,8,8,8,XXX,XXX,XXX,XXX,XXX,XXX,XXX,XXX,XXX,5,XXX
518,Musharna,1,8,8,8,8,8,8,8,8,8,8,8,8,8,XXX,XXX,XXX,XXX,XXX,XXX,XXX,XXX,XXX,5,XXX
519,Pidove,1,2,2,2,2,2,2,2,2,2,2,2,2,2,XXX,XXX,XXX,XXX,XXX,XXX,XXX,XXX,XXX,10,XXX
520,Tranquill,21,21,21,21,21,21,21,21,21,21,21,21,21,21,XXX,XXX,XXX,XXX,XXX,XXX,XXX,XXX,XXX,21,XXX
521,Unfezant,25,25,25,25,25,25,25,25,25,25,25,25,25,25,XXX,XXX,XXX,XXX,XXX,XXX,XXX,XXX,XXX,32,XXX
522,Blitzle,1,8,8,8,8,8,8,8,8,8,8,8,8,8,XXX,XXX,XXX,XXX,XXX,XXX,XXX,XXX,XXX,XXX,XXX
523,Zebstrika,27,27,27,27,27,27,27,27,27,27,27,27,27,27,XXX,XXX,XXX,XXX,XXX,XXX,XXX,XXX,XXX,XXX,XXX
524,Roggenrola,1,10,10,10,10,10,10,10,10,10,10,10,10,10,XXX,XXX,XXX,XXX,XXX,XXX,XXX,XXX,XXX,XXX,XXX
525,Boldore,24,24,24,24,24,24,24,24,24,24,24,24,24,24,XXX,XXX,XXX,XXX,XXX,XXX,XXX,XXX,XXX,25,XXX
526,Gigalith,24,24,24,24,24,24,24,24,24,24,24,24,24,24,XXX,XXX,XXX,XXX,XXX,XXX,XXX,XXX,XXX,25,XXX
527,Woobat,1,10,10,10,10,10,10,10,10,10,10,10,10,10,XXX,XXX,XXX,XXX,XXX,XXX,XXX,XXX,XXX,XXX,XXX
528,Swoobat,2,11,11,11,11,11,11,11,11,11,11,11,11,11,XXX,XXX,XXX,XXX,XXX,XXX,XXX,XXX,XXX,XXX,XXX
529,Drilbur,1,10,10,10,10,10,10,10,10,10,10,10,10,10,XXX,XXX,XXX,XXX,XXX,XXX,XXX,XXX,XXX,10,XXX
530,Excadrill,31,31,31,31,31,31,31,31,31,31,31,31,31,31,XXX,XXX,XXX,XXX,XXX,XXX,XXX,XXX,XXX,31,XXX
531,Audino,1,2,2,2,2,2,2,2,2,2,2,2,2,2,XXX,XXX,XXX,XXX,XXX,XXX,XXX,XXX,XXX,10,50
532,Timburr,1,13,13,13,13,13,13,13,13,13,13,13,13,13,XXX,XXX,XXX,XXX,XXX,XXX,XXX,XXX,XXX,XXX,XXX
533,Gurdurr,25,25,25,25,25,25,25,25,25,25,25,25,25,25,XXX,XXX,XXX,XXX,XXX,XXX,XXX,XXX,XXX,25,XXX
534,Conkeldurr,25,25,25,25,25,25,25,25,25,25,25,25,25,25,XXX,XXX,XXX,XXX,XXX,XXX,XXX,XXX,XXX,25,XXX
535,Tympole,1,12,12,12,12,12,12,12,12,12,12,12,12,12,XXX,XXX,XXX,XXX,XXX,XXX,XXX,XXX,XXX,10,XXX
536,Palpitoad,25,25,25,25,25,25,25,25,25,25,25,25,25,25,XXX,XXX,XXX,XXX,XXX,XXX,XXX,XXX,XXX,25,XXX
537,Seismitoad,15,15,15,15,15,15,15,15,15,15,15,15,15,15,XXX,XXX,XXX,XXX,XXX,XXX,XXX,XXX,XXX,36,XXX
538,Throh,1,10,10,10,10,10,10,10,10,10,10,10,10,10,XXX,XXX,XXX,XXX,XXX,XXX,XXX,XXX,XXX,10,XXX
539,Sawk,1,10,10,10,10,10,10,10,10,10,10,10,10,10,XXX,XXX,XXX,XXX,XXX,XXX,XXX,XXX,XXX,10,XXX
540,Sewaddle,1,2,2,2,2,2,2,2,2,2,2,2,2,2,XXX,XXX,XXX,XXX,XXX,XXX,XXX,XXX,XXX,XXX,XXX
541,Swadloon,19,19,19,19,19,19,19,19,19,19,19,19,19,19,XXX,XXX,XXX,XXX,XXX,XXX,XXX,XXX,XXX,XXX,XXX
542,Leavanny,20,20,20,20,20,20,20,20,20,20,20,20,20,20,XXX,XXX,XXX,XXX,XXX,XXX,XXX,XXX,XXX,XXX,XXX
543,Venipede,1,10,10,10,10,10,10,10,10,10,10,10,10,10,XXX,XXX,XXX,XXX,XXX,XXX,XXX,XXX,XXX,XXX,XXX
544,Whirlipede,22,22,22,22,22,22,22,22,22,22,22,22,22,22,XXX,XXX,XXX,XXX,XXX,XXX,XXX,XXX,XXX,XXX,XXX
545,Scolipede,30,30,30,30,30,30,30,30,30,30,30,30,30,30,XXX,XXX,XXX,XXX,XXX,XXX,XXX,XXX,XXX,30,XXX
546,Cottonee,1,10,10,10,10,10,10,10,10,10,10,10,10,10,XXX,XXX,XXX,XXX,XXX,XXX,XXX,XXX,XXX,10,XXX
547,Whimsicott,1,10,10,10,10,10,10,10,10,10,10,10,10,10,XXX,XXX,XXX,XXX,XXX,XXX,XXX,XXX,XXX,10,50
548,Petilil,1,10,10,10,10,10,10,10,10,10,10,10,10,10,XXX,XXX,XXX,XXX,XXX,XXX,XXX,XXX,XXX,10,XXX
549,Lilligant,1,10,10,10,10,10,10,10,10,10,10,10,10,10,XXX,XXX,XXX,XXX,XXX,XXX,XXX,XXX,XXX,10,XXX
550,Basculin,1,5,5,5,5,5,5,5,5,5,5,5,5,5,XXX,XXX,XXX,XXX,XXX,XXX,XXX,XXX,XXX,10,XXX
551,Sandile,1,14,14,14,14,14,14,14,14,14,14,14,14,14,XXX,XXX,XXX,XXX,XXX,XXX,XXX,XXX,XXX,XXX,XXX
552,Krokorok,29,29,29,29,29,29,29,29,29,29,29,29,29,29,XXX,XXX,XXX,XXX,XXX,XXX,XXX,XXX,XXX,XXX,XXX
553,Krookodile,40,40,40,40,40,40,40,40,40,40,40,40,40,40,XXX,XXX,XXX,XXX,XXX,XXX,XXX,XXX,XXX,40,XXX
554,Darumaka,1,14,14,14,14,14,14,14,14,14,14,14,14,14,XXX,XXX,XXX,XXX,XXX,XXX,XXX,XXX,XXX,XXX,XXX
555,Darmanitan,35,35,35,35,35,35,35,35,35,35,35,35,35,35,XXX,XXX,XXX,XXX,XXX,XXX,XXX,XXX,XXX,XXX,XXX
556,Maractus,1,10,10,10,10,10,10,10,10,10,10,10,10,10,XXX,XXX,XXX,XXX,XXX,XXX,XXX,XXX,XXX,10,XXX
557,Dwebble,1,19,19,19,19,19,19,19,19,19,19,19,19,19,XXX,XXX,XXX,XXX,XXX,XXX,XXX,XXX,XXX,XXX,XXX
558,Crustle,34,34,34,34,34,34,34,34,34,34,34,34,34,34,XXX,XXX,XXX,XXX,XXX,XXX,XXX,XXX,XXX,34,XXX
559,Scraggy,1,10,10,10,10,10,10,10,10,10,10,10,10,10,XXX,XXX,XXX,XXX,XXX,XXX,XXX,XXX,XXX,10,1
560,Scrafty,39,39,39,39,39,39,39,39,39,39,39,39,39,39,XXX,XXX,XXX,XXX,XXX,XXX,XXX,XXX,XXX,39,39
561,Sigilyph,1,19,19,19,19,19,19,19,19,19,19,19,19,19,XXX,XXX,XXX,XXX,XXX,XXX,XXX,XXX,XXX,5,XXX
562,Yamask,1,18,18,18,18,18,18,18,18,18,18,18,18,18,XXX,XXX,XXX,XXX,XXX,XXX,XXX,XXX,XXX,XXX,XXX
563,Cofagrigus,34,34,34,34,34,34,34,34,34,34,34,34,34,34,XXX,XXX,XXX,XXX,XXX,XXX,XXX,XXX,XXX,XXX,XXX
564,Tirtouga,1,10,10,10,10,10,10,10,10,10,10,10,10,10,XXX,XXX,XXX,XXX,XXX,XXX,XXX,XXX,XXX,10,15
565,Carracosta,37,37,37,37,37,37,37,37,37,37,37,37,37,37,XXX,XXX,XXX,XXX,XXX,XXX,XXX,XXX,XXX,37,37
566,Archen,1,XXX,XXX,XXX,XXX,XXX,XXX,XXX,XXX,XXX,XXX,XXX,XXX,XXX,XXX,XXX,XXX,XXX,XXX,XXX,XXX,XXX,XXX,XXX,15
567,Archeops,37,XXX,XXX,XXX,XXX,XXX,XXX,XXX,XXX,XXX,XXX,XXX,XXX,XXX,XXX,XXX,XXX,XXX,XXX,XXX,XXX,XXX,XXX,XXX,37
568,Trubbish,1,14,14,14,14,14,14,14,14,14,14,14,14,14,XXX,XXX,XXX,XXX,XXX,XXX,XXX,XXX,XXX,XXX,XXX
569,Garbodor,31,31,31,31,31,31,31,31,31,31,31,31,31,31,XXX,XXX,XXX,XXX,XXX,XXX,XXX,XXX,XXX,XXX,XXX
570,Zorua,1,10,10,10,10,10,10,10,10,10,10,10,10,10,XXX,XXX,XXX,XXX,XXX,XXX,XXX,XXX,XXX,XXX,XXX
571,Zoroark,25,25,25,25,25,25,25,25,25,25,25,25,25,25,XXX,XXX,XXX,XXX,XXX,XXX,XXX,XXX,XXX,XXX,50
572,Minccino,1,14,14,14,14,14,14,14,14,14,14,14,14,14,XXX,XXX,XXX,XXX,XXX,XXX,XXX,XXX,XXX,XXX,XXX
573,Cinccino,1,14,14,14,14,14,14,14,14,14,14,14,14,14,XXX,XXX,XXX,XXX,XXX,XXX,XXX,XXX,XXX,XXX,XXX
574,Gothita,1,19,19,19,19,19,19,19,19,19,19,19,19,19,XXX,XXX,XXX,XXX,XXX,XXX,XXX,XXX,XXX,XXX,XXX
575,Gothorita,31,31,31,31,31,31,31,31,31,31,31,31,31,31,XXX,XXX,XXX,XXX,XXX,XXX,XXX,XXX,XXX,32,XXX
576,Gothitelle,34,34,34,34,34,34,34,34,34,34,34,34,34,34,XXX,XXX,XXX,XXX,XXX,XXX,XXX,XXX,XXX,41,XXX
577,Solosis,1,19,19,19,19,19,19,19,19,19,19,19,19,19,XXX,XXX,XXX,XXX,XXX,XXX,XXX,XXX,XXX,XXX,XXX
578,Duosion,31,31,31,31,31,31,31,31,31,31,31,31,31,31,XXX,XXX,XXX,XXX,XXX,XXX,XXX,XXX,XXX,32,XXX
579,Reuniclus,34,34,34,34,34,34,34,34,34,34,34,34,34,34,XXX,XXX,XXX,XXX,XXX,XXX,XXX,XXX,XXX,41,XXX
580,Ducklett,1,10,10,10,10,10,10,10,10,10,10,10,10,10,XXX,XXX,XXX,XXX,XXX,XXX,XXX,XXX,XXX,10,XXX
581,Swanna,35,35,35,35,35,35,35,35,35,35,35,35,35,35,XXX,XXX,XXX,XXX,XXX,XXX,XXX,XXX,XXX,35,XXX
582,Vanillite,1,23,23,23,23,23,23,23,23,23,23,23,23,23,XXX,XXX,XXX,XXX,XXX,XXX,XXX,XXX,XXX,XXX,XXX
583,Vanillish,31,31,31,31,31,31,31,31,31,31,31,31,31,31,XXX,XXX,XXX,XXX,XXX,XXX,XXX,XXX,XXX,35,XXX
584,Vanilluxe,41,41,41,41,41,41,41,41,41,41,41,41,41,41,XXX,XXX,XXX,XXX,XXX,XXX,XXX,XXX,XXX,41,XXX
585,Deerling,1,22,22,22,22,22,22,22,22,22,22,22,22,22,XXX,XXX,XXX,XXX,XXX,XXX,XXX,XXX,XXX,XXX,XXX
586,Sawsbuck,30,30,30,30,30,30,30,30,30,30,30,30,30,30,XXX,XXX,XXX,XXX,XXX,XXX,XXX,XXX,XXX,XXX,XXX
587,Emolga,1,10,10,10,10,10,10,10,10,10,10,10,10,10,XXX,XXX,XXX,XXX,XXX,XXX,XXX,XXX,XXX,10,XXX
588,Karrablast,1,10,10,10,10,10,10,10,10,10,10,10,10,10,XXX,XXX,XXX,XXX,XXX,XXX,XXX,XXX,XXX,10,30
589,Escavalier,1,10,10,10,10,10,10,10,10,10,10,10,10,10,XXX,XXX,XXX,XXX,XXX,XXX,XXX,XXX,XXX,10,30
590,Foongus,1,20,20,20,20,20,20,20,20,20,20,20,20,20,XXX,XXX,XXX,XXX,XXX,XXX,XXX,XXX,XXX,XXX,XXX
591,Amoonguss,37,37,37,37,37,37,37,37,37,37,37,37,37,37,XXX,XXX,XXX,XXX,XXX,XXX,XXX,XXX,XXX,XXX,XXX
592,Frillish,1,5,5,5,5,5,5,5,5,5,5,5,5,5,XXX,XXX,XXX,XXX,XXX,XXX,XXX,XXX,XXX,XXX,XXX
593,Jellicent,5,5,5,5,5,5,5,5,5,5,5,5,5,5,XXX,XXX,XXX,XXX,XXX,XXX,XXX,XXX,XXX,XXX,XXX
594,Alomomola,1,5,5,5,5,5,5,5,5,5,5,5,5,5,XXX,XXX,XXX,XXX,XXX,XXX,XXX,XXX,XXX,10,XXX
595,Joltik,1,24,24,24,24,24,24,24,24,24,24,24,24,24,XXX,XXX,XXX,XXX,XXX,XXX,XXX,XXX,XXX,XXX,XXX
596,Galvantula,36,36,36,36,36,36,36,36,36,36,36,36,36,36,XXX,XXX,XXX,XXX,XXX,XXX,XXX,XXX,XXX,36,XXX
597,Ferroseed,1,24,24,24,24,24,24,24,24,24,24,24,24,24,XXX,XXX,XXX,XXX,XXX,XXX,XXX,XXX,XXX,XXX,XXX
598,Ferrothorn,40,40,40,40,40,40,40,40,40,40,40,40,40,40,XXX,XXX,XXX,XXX,XXX,XXX,XXX,XXX,XXX,XXX,XXX
599,Klink,1,25,25,25,25,25,25,25,25,25,25,25,25,25,XXX,XXX,XXX,XXX,XXX,XXX,XXX,XXX,XXX,XXX,XXX
600,Klang,38,38,38,38,38,38,38,38,38,38,38,38,38,38,XXX,XXX,XXX,XXX,XXX,XXX,XXX,XXX,XXX,39,XXX
601,Klinklang,49,49,49,49,49,49,49,49,49,49,49,49,49,49,XXX,XXX,XXX,XXX,XXX,XXX,XXX,XXX,XXX,49,XXX
602,Tynamo,1,27,27,27,27,27,27,27,27,27,27,27,27,27,XXX,XXX,XXX,XXX,XXX,XXX,XXX,XXX,XXX,XXX,XXX
603,Eelektrik,39,39,39,39,39,39,39,39,39,39,39,39,39,39,XXX,XXX,XXX,XXX,XXX,XXX,XXX,XXX,XXX,XXX,XXX
604,Eelektross,39,39,39,39,39,39,39,39,39,39,39,39,39,39,XXX,XXX,XXX,XXX,XXX,XXX,XXX,XXX,XXX,XXX,XXX
605,Elgyem,1,10,10,10,10,10,10,10,10,10,10,10,10,10,XXX,XXX,XXX,XXX,XXX,XXX,XXX,XXX,XXX,10,XXX
606,Beheeyem,42,42,42,42,42,42,42,42,42,42,42,42,42,42,XXX,XXX,XXX,XXX,XXX,XXX,XXX,XXX,XXX,42,XXX
607,Litwick,1,26,26,26,26,26,26,26,26,26,26,26,26,26,XXX,XXX,XXX,XXX,XXX,XXX,XXX,XXX,XXX,XXX,XXX
608,Lampent,41,41,41,41,41,41,41,41,41,41,41,41,41,41,XXX,XXX,XXX,XXX,XXX,XXX,XXX,XXX,XXX,XXX,XXX
609,Chandelure,41,41,41,41,41,41,41,41,41,41,41,41,41,41,XXX,XXX,XXX,XXX,XXX,XXX,XXX,XXX,XXX,XXX,50
610,Axew,1,10,10,10,10,10,10,10,10,10,10,10,10,10,XXX,XXX,XXX,XXX,XXX,XXX,XXX,XXX,XXX,10,10
611,Fraxure,38,38,38,38,38,38,38,38,38,38,38,38,38,38,XXX,XXX,XXX,XXX,XXX,XXX,XXX,XXX,XXX,38,38
612,Haxorus,48,48,48,48,48,48,48,48,48,48,48,48,48,48,XXX,XXX,XXX,XXX,XXX,XXX,XXX,XXX,XXX,48,48
613,Cubchoo,1,26,26,26,26,26,26,26,26,26,26,26,26,26,XXX,XXX,XXX,XXX,XXX,XXX,XXX,XXX,XXX,XXX,15
614,Beartic,37,37,37,37,37,37,37,37,37,37,37,37,37,37,XXX,XXX,XXX,XXX,XXX,XXX,XXX,XXX,XXX,XXX,37
615,Cryogonal,1,28,28,28,28,28,28,28,28,28,28,28,28,28,XXX,XXX,XXX,XXX,XXX,XXX,XXX,XXX,XXX,XXX,XXX
616,Shelmet,1,10,10,10,10,10,10,10,10,10,10,10,10,10,XXX,XXX,XXX,XXX,XXX,XXX,XXX,XXX,XXX,10,30
617,Accelgor,1,10,10,10,10,10,10,10,10,10,10,10,10,10,XXX,XXX,XXX,XXX,XXX,XXX,XXX,XXX,XXX,10,10
618,Stunfisk,1,10,10,10,10,10,10,10,10,10,10,10,10,10,XXX,XXX,XXX,XXX,XXX,XXX,XXX,XXX,XXX,10,XXX
619,Mienfoo,1,30,30,30,30,30,30,30,30,30,30,30,30,30,XXX,XXX,XXX,XXX,XXX,XXX,XXX,XXX,XXX,XXX,XXX
620,Mienshao,50,50,50,50,50,50,50,50,50,50,50,50,50,50,XXX,XXX,XXX,XXX,XXX,XXX,XXX,XXX,XXX,XXX,XXX
621,Druddigon,1,10,10,10,10,10,10,10,10,10,10,10,10,10,XXX,XXX,XXX,XXX,XXX,XXX,XXX,XXX,XXX,10,XXX
622,Golett,1,10,10,10,10,10,10,10,10,10,10,10,10,10,XXX,XXX,XXX,XXX,XXX,XXX,XXX,XXX,XXX,10,XXX
623,Golurk,43,43,43,43,43,43,43,43,43,43,43,43,43,43,XXX,XXX,XXX,XXX,XXX,XXX,XXX,XXX,XXX,43,70
624,Pawniard,1,10,10,10,10,10,10,10,10,10,10,10,10,10,XXX,XXX,XXX,XXX,XXX,XXX,XXX,XXX,XXX,10,XXX
625,Bisharp,52,52,52,52,52,52,52,52,52,52,52,52,52,52,XXX,XXX,XXX,XXX,XXX,XXX,XXX,XXX,XXX,52,XXX
626,Bouffalant,1,34,34,34,34,34,34,34,34,34,34,34,34,34,XXX,XXX,XXX,XXX,XXX,XXX,XXX,XXX,XXX,XXX,XXX
627,Rufflet,1,34,34,34,34,34,34,34,34,34,34,34,34,34,XXX,XXX,XXX,XXX,XXX,XXX,XXX,XXX,XXX,XXX,XXX
628,Braviary,25,25,25,25,25,25,25,25,25,25,25,25,25,25,XXX,XXX,XXX,XXX,XXX,XXX,XXX,XXX,XXX,XXX,XXX
629,Vullaby,1,34,34,34,34,34,34,34,34,34,34,34,34,34,XXX,XXX,XXX,XXX,XXX,XXX,XXX,XXX,XXX,XXX,XXX
630,Mandibuzz,25,25,25,25,25,25,25,25,25,25,25,25,25,25,XXX,XXX,XXX,XXX,XXX,XXX,XXX,XXX,XXX,XXX,XXX
631,Heatmor,1,10,10,10,10,10,10,10,10,10,10,10,10,10,XXX,XXX,XXX,XXX,XXX,XXX,XXX,XXX,XXX,10,XXX
632,Durant,1,10,10,10,10,10,10,10,10,10,10,10,10,10,XXX,XXX,XXX,XXX,XXX,XXX,XXX,XXX,XXX,10,XXX
633,Deino,1,38,38,38,38,38,38,38,38,38,38,38,38,38,XXX,XXX,XXX,XXX,XXX,XXX,XXX,XXX,XXX,XXX,XXX
634,Zweilous,49,49,49,49,49,49,49,49,49,49,49,49,49,49,XXX,XXX,XXX,XXX,XXX,XXX,XXX,XXX,XXX,XXX,XXX
635,Hydreigon,64,64,64,64,64,64,64,64,64,64,64,64,64,64,XXX,XXX,XXX,XXX,XXX,XXX,XXX,XXX,XXX,XXX,70
636,Larvesta,1,XXX,XXX,XXX,XXX,XXX,XXX,XXX,XXX,XXX,XXX,XXX,XXX,XXX,XXX,XXX,XXX,XXX,XXX,XXX,XXX,XXX,XXX,XXX,XXX
637,Volcarona,35,35,35,35,35,35,35,35,35,35,35,35,35,35,XXX,XXX,XXX,XXX,XXX,XXX,XXX,XXX,XXX,XXX,77
638,Cobalion,42,42,42,42,42,42,42,42,42,42,42,42,42,42,XXX,XXX,XXX,XXX,XXX,XXX,XXX,XXX,XXX,XXX,XXX
639,Terrakion,42,42,42,42,42,42,42,42,42,42,42,42,42,42,XXX,XXX,XXX,XXX,XXX,XXX,XXX,XXX,XXX,XXX,XXX
640,Virizion,42,42,42,42,42,42,42,42,42,42,42,42,42,42,XXX,XXX,XXX,XXX,XXX,XXX,XXX,XXX,XXX,XXX,XXX
641,Tornadus,40,40,40,40,40,40,40,40,40,40,40,40,40,40,XXX,XXX,XXX,XXX,XXX,XXX,XXX,XXX,XXX,5,70
642,Thundurus,40,40,40,40,40,40,40,40,40,40,40,40,40,40,XXX,XXX,XXX,XXX,XXX,XXX,XXX,XXX,XXX,5,70
643,Reshiram,50,50,50,50,50,50,50,50,50,50,50,50,50,50,XXX,XXX,XXX,XXX,XXX,XXX,XXX,XXX,XXX,XXX,100
644,Zekrom,50,50,50,50,50,50,50,50,50,50,50,50,50,50,XXX,XXX,XXX,XXX,XXX,XXX,XXX,XXX,XXX,XXX,100
645,Landorus,70,70,70,70,70,70,70,70,70,70,70,70,70,70,XXX,XXX,XXX,XXX,XXX,XXX,XXX,XXX,XXX,5,XXX
646,Kyurem,70,70,70,70,70,70,70,70,70,70,70,70,70,70,XXX,XXX,XXX,XXX,XXX,XXX,XXX,XXX,XXX,XXX,XXX
647,Keldeo,XXX,XXX,XXX,XXX,XXX,XXX,XXX,XXX,XXX,XXX,XXX,XXX,XXX,XXX,XXX,XXX,XXX,XXX,XXX,XXX,XXX,XXX,XXX,XXX,15
648,Meloetta,XXX,XXX,XXX,XXX,XXX,XXX,XXX,XXX,XXX,XXX,XXX,XXX,XXX,XXX,XXX,XXX,XXX,XXX,XXX,XXX,XXX,XXX,XXX,XXX,15
649,Genesect,XXX,XXX,XXX,XXX,XXX,XXX,XXX,XXX,XXX,XXX,XXX,XXX,XXX,XXX,XXX,XXX,XXX,XXX,XXX,XXX,XXX,XXX,XXX,XXX,15 